chr20	259320
chr20	279636
chr20	279642
chr20	279655
chr20	304320
chr20	308555
chr20	308560
chr20	340861
chr20	340867
chr20	362944
chr20	387912
chr20	415022
chr20	552727
chr20	552733
chr20	555308
chr20	555313
chr20	555324
chr20	555349
chr20	555353
chr20	558220
chr20	576416
chr20	592420
chr20	615176
chr20	623552
chr20	623555
chr20	623580
chr20	642435
chr20	642685
chr20	642702
chr20	642706
chr20	642708
chr20	642725
chr20	642732
chr20	642770
chr20	642777
chr20	642797
chr20	642810
chr20	642833
chr20	642843
chr20	642852
chr20	642876
chr20	642882
chr20	642893
chr20	642917
chr20	642945
chr20	642963
chr20	643015
chr20	644371
chr20	644376
chr20	644404
chr20	644406
chr20	644418
chr20	644426
chr20	644432
chr20	644449
chr20	644455
chr20	644467
chr20	644469
chr20	644471
chr20	644483
chr20	644487
chr20	644490
chr20	644502
chr20	644509
chr20	644511
chr20	644517
chr20	644521
chr20	644529
chr20	644532
chr20	644539
chr20	644543
chr20	644570
chr20	644572
chr20	644586
chr20	644592
chr20	644595
chr20	644606
chr20	644617
chr20	644634
chr20	644638
chr20	644640
chr20	644652
chr20	644664
chr20	644668
chr20	644671
chr20	644681
chr20	644683
chr20	644705
chr20	644710
chr20	644723
chr20	644734
chr20	644737
chr20	644740
chr20	644745
chr20	646082
chr20	646085
chr20	655723
chr20	655889
chr20	655897
chr20	669641
chr20	669740
chr20	680301
chr20	690172
chr20	690231
chr20	690235
chr20	690257
chr20	690333
chr20	690347
chr20	690368
chr20	690386
chr20	691168
chr20	691205
chr20	691210
chr20	756581
chr20	821674
chr20	825670
chr20	825779
chr20	825797
chr20	825809
chr20	825819
chr20	825831
chr20	825836
chr20	825845
chr20	825871
chr20	825873
chr20	825877
chr20	825880
chr20	825895
chr20	825900
chr20	825903
chr20	825915
chr20	826093
chr20	826122
chr20	826139
chr20	826204
chr20	826221
chr20	826227
chr20	826233
chr20	826235
chr20	826247
chr20	826252
chr20	826263
chr20	826272
chr20	826274
chr20	826336
chr20	826365
chr20	897069
chr20	924951
chr20	1207615
chr20	1207619
chr20	1207621
chr20	1207638
chr20	1207645
chr20	1207655
chr20	1293757
chr20	1293761
chr20	1293764
chr20	1293774
chr20	1293798
chr20	1293821
chr20	1293903
chr20	1293996
chr20	1294009
chr20	1294018
chr20	1294020
chr20	1294024
chr20	1294045
chr20	1294047
chr20	1294054
chr20	1294071
chr20	1294074
chr20	1294078
chr20	1294093
chr20	1294100
chr20	1317733
chr20	1757236
chr20	1757629
chr20	1757634
chr20	1783386
chr20	1874386
chr20	1876516
chr20	1876520
chr20	1876680
chr20	1876692
chr20	1876724
chr20	1876732
chr20	1876874
chr20	1876912
chr20	1931654
chr20	1935877
chr20	1945413
chr20	1973189
chr20	1974877
chr20	2004018
chr20	2004025
chr20	2084365
chr20	2111516
chr20	2111524
chr20	2187539
chr20	2245442
chr20	2245491
chr20	2360663
chr20	2360686
chr20	2515021
chr20	2515045
chr20	2515058
chr20	2539756
chr20	2644322
chr20	2674392
chr20	2675069
chr20	2675071
chr20	2675074
chr20	2675344
chr20	2675410
chr20	2675449
chr20	2675451
chr20	2675473
chr20	2675483
chr20	2675486
chr20	2675504
chr20	2675514
chr20	2676311
chr20	2676433
chr20	2676473
chr20	2682647
chr20	2682658
chr20	2686591
chr20	2686658
chr20	2724241
chr20	2780285
chr20	2780348
chr20	2780354
chr20	2780413
chr20	2780431
chr20	2780443
chr20	2780508
chr20	2782216
chr20	2782244
chr20	2782591
chr20	2782634
chr20	2782678
chr20	2782683
chr20	2785182
chr20	2785306
chr20	2785359
chr20	2785375
chr20	2785720
chr20	2785738
chr20	2785748
chr20	2785761
chr20	2785834
chr20	2785842
chr20	2785867
chr20	2785882
chr20	2785946
chr20	2785948
chr20	2785955
chr20	2785970
chr20	2785973
chr20	2786020
chr20	2786027
chr20	2786045
chr20	2786058
chr20	2786064
chr20	2786074
chr20	2786159
chr20	2786167
chr20	2786187
chr20	2786189
chr20	2786192
chr20	2786215
chr20	2786218
chr20	2786258
chr20	2786279
chr20	2786281
chr20	2786283
chr20	2786336
chr20	2786351
chr20	2786356
chr20	2786371
chr20	2786374
chr20	2786377
chr20	2786383
chr20	2786431
chr20	2786442
chr20	2786456
chr20	2786480
chr20	2786483
chr20	2786525
chr20	2786539
chr20	2786544
chr20	2786603
chr20	2786678
chr20	2786777
chr20	2786834
chr20	2786857
chr20	2787460
chr20	2789810
chr20	2800921
chr20	2800926
chr20	2800940
chr20	2801042
chr20	2801061
chr20	2801074
chr20	2801115
chr20	2801129
chr20	2801136
chr20	2801169
chr20	2801189
chr20	2801198
chr20	2801236
chr20	2801265
chr20	2802170
chr20	2802180
chr20	2802232
chr20	2802259
chr20	2802262
chr20	2802270
chr20	2802300
chr20	2802303
chr20	2802306
chr20	2802338
chr20	2802362
chr20	2802395
chr20	2802562
chr20	2802880
chr20	2820782
chr20	2820784
chr20	2820790
chr20	2820840
chr20	2820863
chr20	2820871
chr20	2820873
chr20	2820891
chr20	2820903
chr20	2820908
chr20	2820921
chr20	2820926
chr20	2822111
chr20	2852726
chr20	2852739
chr20	3063255
chr20	3063946
chr20	3063958
chr20	3063962
chr20	3063966
chr20	3063983
chr20	3064042
chr20	3064058
chr20	3064080
chr20	3064118
chr20	3064338
chr20	3064423
chr20	3073252
chr20	3073266
chr20	3073276
chr20	3073282
chr20	3148468
chr20	3148499
chr20	3149494
chr20	3153553
chr20	3153574
chr20	3184506
chr20	3199232
chr20	3218578
chr20	3218586
chr20	3218600
chr20	3218606
chr20	3218610
chr20	3228852
chr20	3228960
chr20	3229036
chr20	3229128
chr20	3229149
chr20	3229201
chr20	3229238
chr20	3229241
chr20	3229245
chr20	3229268
chr20	3229270
chr20	3229277
chr20	3229285
chr20	3229309
chr20	3229311
chr20	3229316
chr20	3229320
chr20	3229330
chr20	3229337
chr20	3229348
chr20	3229358
chr20	3229383
chr20	3229399
chr20	3229401
chr20	3229408
chr20	3229449
chr20	3229490
chr20	3229513
chr20	3229526
chr20	3229542
chr20	3229544
chr20	3229550
chr20	3229552
chr20	3229572
chr20	3229591
chr20	3229595
chr20	3229597
chr20	3229611
chr20	3229618
chr20	3229625
chr20	3229631
chr20	3229634
chr20	3229644
chr20	3229659
chr20	3229668
chr20	3229679
chr20	3229691
chr20	3229742
chr20	3229789
chr20	3229802
chr20	3229826
chr20	3229837
chr20	3229857
chr20	3229878
chr20	3229885
chr20	3229894
chr20	3229909
chr20	3387178
chr20	3387181
chr20	3389752
chr20	3641678
chr20	3641765
chr20	3641773
chr20	3641785
chr20	3641800
chr20	3641817
chr20	3641824
chr20	3641838
chr20	3641849
chr20	3641854
chr20	3641860
chr20	3641869
chr20	3641871
chr20	3641873
chr20	3641877
chr20	3641880
chr20	3641891
chr20	3641895
chr20	3641897
chr20	3641908
chr20	3641918
chr20	3641922
chr20	3641928
chr20	3641946
chr20	3641948
chr20	3641971
chr20	3641976
chr20	3642004
chr20	3642291
chr20	3644022
chr20	3644038
chr20	3644150
chr20	3644191
chr20	3644223
chr20	3644245
chr20	3644255
chr20	3652950
chr20	3652958
chr20	3652967
chr20	3652979
chr20	3653017
chr20	3653092
chr20	3653149
chr20	3653190
chr20	3653194
chr20	3653206
chr20	3653212
chr20	3653225
chr20	3653229
chr20	3653234
chr20	3653353
chr20	3653358
chr20	3653378
chr20	3653393
chr20	3653397
chr20	3653405
chr20	3653411
chr20	3653417
chr20	3653424
chr20	3653427
chr20	3653430
chr20	3653436
chr20	3653444
chr20	3653451
chr20	3653471
chr20	3653474
chr20	3653495
chr20	3653497
chr20	3653670
chr20	3653672
chr20	3653691
chr20	3653703
chr20	3653708
chr20	3653729
chr20	3653747
chr20	3653749
chr20	3653754
chr20	3653757
chr20	3653769
chr20	3653786
chr20	3653798
chr20	3653817
chr20	3653942
chr20	3653970
chr20	3654001
chr20	3654008
chr20	3654019
chr20	3654067
chr20	3654118
chr20	3654162
chr20	3654198
chr20	3654204
chr20	3654208
chr20	3654210
chr20	3654220
chr20	3654228
chr20	3654243
chr20	3654246
chr20	3654248
chr20	3654261
chr20	3654264
chr20	3654268
chr20	3654285
chr20	3654297
chr20	3654299
chr20	3654319
chr20	3654322
chr20	3654332
chr20	3654338
chr20	3654367
chr20	3654369
chr20	3654390
chr20	3654404
chr20	3654410
chr20	3662149
chr20	3663074
chr20	3663108
chr20	3663124
chr20	3663149
chr20	3663185
chr20	3663237
chr20	3663244
chr20	3663277
chr20	3663289
chr20	3663509
chr20	3665375
chr20	3665428
chr20	3726217
chr20	3726495
chr20	3730652
chr20	3730676
chr20	3730776
chr20	3730798
chr20	3730827
chr20	3730836
chr20	3730856
chr20	3730890
chr20	3730910
chr20	3730915
chr20	3730925
chr20	3730942
chr20	3730956
chr20	3731008
chr20	3731018
chr20	3731021
chr20	3731028
chr20	3731031
chr20	3731065
chr20	3731072
chr20	3731079
chr20	3731107
chr20	3731115
chr20	3731926
chr20	3731929
chr20	3732152
chr20	3732171
chr20	3733083
chr20	3733092
chr20	3733112
chr20	3747864
chr20	3747876
chr20	3758206
chr20	3758219
chr20	3758248
chr20	3758257
chr20	3758260
chr20	3759175
chr20	3759212
chr20	3759831
chr20	3759891
chr20	3759902
chr20	3759958
chr20	3766550
chr20	3766711
chr20	3766718
chr20	3766721
chr20	3766750
chr20	3766756
chr20	3766778
chr20	3766805
chr20	3766813
chr20	3766856
chr20	3780585
chr20	3780630
chr20	3781369
chr20	3826907
chr20	3826925
chr20	3909310
chr20	4016256
chr20	4045178
chr20	4045418
chr20	4066337
chr20	4066355
chr20	4066407
chr20	4130925
chr20	4142707
chr20	4142762
chr20	4142868
chr20	4148571
chr20	4152658
chr20	4152794
chr20	4152822
chr20	4152866
chr20	4152869
chr20	4152873
chr20	4152880
chr20	4152883
chr20	4152888
chr20	4152916
chr20	4152922
chr20	4152925
chr20	4152945
chr20	4152952
chr20	4152957
chr20	4152966
chr20	4152974
chr20	4152979
chr20	4152984
chr20	4152989
chr20	4223619
chr20	4223632
chr20	4223727
chr20	4223808
chr20	4223821
chr20	4223878
chr20	4223881
chr20	4223889
chr20	4223892
chr20	4223932
chr20	4224055
chr20	4224069
chr20	4224084
chr20	4224116
chr20	4224167
chr20	4229093
chr20	4229342
chr20	4229352
chr20	4230603
chr20	4562577
chr20	4562596
chr20	4562696
chr20	4685390
chr20	4711766
chr20	4739893
chr20	4741621
chr20	4741627
chr20	4741630
chr20	4741644
chr20	4741737
chr20	4741794
chr20	4741797
chr20	4741810
chr20	4741812
chr20	4741815
chr20	4741831
chr20	4741840
chr20	4741848
chr20	4741865
chr20	4741916
chr20	4741943
chr20	4804908
chr20	4981007
chr20	4981066
chr20	4981111
chr20	4981200
chr20	5295858
chr20	5296085
chr20	5297905
chr20	6033658
chr20	6034809
chr20	6034851
chr20	6744013
chr20	6747231
chr20	6751323
chr20	6795747
chr20	6795794
chr20	7784155
chr20	7784204
chr20	7784228
chr20	7784243
chr20	7784257
chr20	7784260
chr20	7784264
chr20	7784267
chr20	7784282
chr20	7784296
chr20	7784304
chr20	7784353
chr20	7784372
chr20	7784427
chr20	7784432
chr20	7784435
chr20	7784444
chr20	7784448
chr20	7784453
chr20	7784457
chr20	7784459
chr20	7784462
chr20	7784466
chr20	7784468
chr20	7784477
chr20	7784485
chr20	7784492
chr20	7784494
chr20	7784502
chr20	7784511
chr20	7784513
chr20	7784515
chr20	7784530
chr20	7784534
chr20	7784536
chr20	7784558
chr20	7784574
chr20	7784580
chr20	7784620
chr20	7784623
chr20	7784647
chr20	7784671
chr20	7784676
chr20	7784679
chr20	7784689
chr20	7784692
chr20	7784713
chr20	8113708
chr20	8113859
chr20	8113895
chr20	8113907
chr20	8113946
chr20	8793732
chr20	9486977
chr20	9487022
chr20	9487067
chr20	9487111
chr20	9487118
chr20	9487137
chr20	9487307
chr20	9555102
chr20	9555107
chr20	9555113
chr20	9555584
chr20	9820136
chr20	9943777
chr20	9944015
chr20	10152637
chr20	10152674
chr20	10153031
chr20	10153064
chr20	10153066
chr20	10153069
chr20	10153086
chr20	10153095
chr20	10153100
chr20	10153107
chr20	10153142
chr20	10153174
chr20	10153176
chr20	10153186
chr20	10153191
chr20	10153257
chr20	10153297
chr20	10153305
chr20	10153326
chr20	10153337
chr20	10153339
chr20	10153354
chr20	10153408
chr20	10153412
chr20	10618321
chr20	10618534
chr20	10618582
chr20	10618593
chr20	10635285
chr20	10635397
chr20	10645352
chr20	10774517
chr20	10774593
chr20	10774633
chr20	10774682
chr20	10774691
chr20	10774694
chr20	10774699
chr20	10774791
chr20	11360198
chr20	11360224
chr20	11360317
chr20	11360394
chr20	11360403
chr20	11667121
chr20	11667283
chr20	11667522
chr20	11667543
chr20	11667564
chr20	11667578
chr20	11667603
chr20	11667605
chr20	11667632
chr20	11667647
chr20	11667649
chr20	11667662
chr20	11667720
chr20	11667734
chr20	11667737
chr20	11667739
chr20	11667746
chr20	11667802
chr20	11667812
chr20	11667854
chr20	11667857
chr20	11667863
chr20	11667900
chr20	11667962
chr20	11667967
chr20	11667982
chr20	11667988
chr20	11668071
chr20	11747792
chr20	11758305
chr20	11758346
chr20	11758352
chr20	11758623
chr20	11939653
chr20	11939659
chr20	11939726
chr20	11960581
chr20	12233609
chr20	13167004
chr20	13181845
chr20	13181855
chr20	13199786
chr20	13203269
chr20	13203403
chr20	13203414
chr20	13203534
chr20	13203536
chr20	13203546
chr20	13203579
chr20	13254978
chr20	13254988
chr20	13254994
chr20	13255064
chr20	13255184
chr20	13855081
chr20	13855090
chr20	13855095
chr20	14207166
chr20	14207188
chr20	14207194
chr20	14207235
chr20	14207243
chr20	14207252
chr20	14315203
chr20	15542419
chr20	15542441
chr20	16555850
chr20	16555979
chr20	16555986
chr20	16555993
chr20	16556061
chr20	16556066
chr20	16556071
chr20	16556107
chr20	16556295
chr20	16728248
chr20	16797030
chr20	17004599
chr20	17004615
chr20	17004617
chr20	17004632
chr20	17004637
chr20	17004648
chr20	17005387
chr20	17183462
chr20	17183477
chr20	17208028
chr20	17208032
chr20	17208188
chr20	17208631
chr20	17209873
chr20	17210080
chr20	17296171
chr20	17296179
chr20	17296209
chr20	17296218
chr20	17296228
chr20	17296302
chr20	17296304
chr20	17296316
chr20	17296392
chr20	17296410
chr20	17296418
chr20	17296439
chr20	17296449
chr20	17296468
chr20	17308226
chr20	17308240
chr20	17308312
chr20	17485893
chr20	17485897
chr20	17485904
chr20	17485922
chr20	17486038
chr20	17486049
chr20	17486087
chr20	17486097
chr20	17486101
chr20	17486116
chr20	17486123
chr20	17486131
chr20	17486150
chr20	17486160
chr20	17486165
chr20	17486175
chr20	17486182
chr20	17486193
chr20	17486204
chr20	17486207
chr20	17486214
chr20	17552062
chr20	17636703
chr20	17674490
chr20	17840296
chr20	17840310
chr20	17840312
chr20	17840334
chr20	17840395
chr20	17849088
chr20	17849110
chr20	17854769
chr20	17875927
chr20	17875937
chr20	17876054
chr20	17876074
chr20	17876203
chr20	17876205
chr20	17876256
chr20	17876391
chr20	17876393
chr20	17876398
chr20	17876431
chr20	17876440
chr20	17876465
chr20	17876468
chr20	17877094
chr20	17950744
chr20	18036120
chr20	18036131
chr20	18036140
chr20	18036969
chr20	18036989
chr20	18082332
chr20	18082538
chr20	18304562
chr20	18304567
chr20	18375173
chr20	18375189
chr20	18375191
chr20	18375241
chr20	18693722
chr20	19192244
chr20	19737649
chr20	19737877
chr20	19815144
chr20	19939798
chr20	19990734
chr20	19998724
chr20	20032445
chr20	20391460
chr20	20391566
chr20	20391574
chr20	20433026
chr20	20433114
chr20	20433130
chr20	20433145
chr20	20433164
chr20	20433167
chr20	20433170
chr20	20433202
chr20	20433212
chr20	20433245
chr20	20433251
chr20	20433259
chr20	20433266
chr20	20433287
chr20	20433296
chr20	20433327
chr20	20458526
chr20	20473826
chr20	20724397
chr20	20802739
chr20	21034390
chr20	21070831
chr20	21084021
chr20	21084328
chr20	21084334
chr20	21084339
chr20	21084346
chr20	21084366
chr20	21084374
chr20	21084376
chr20	21084455
chr20	21084475
chr20	21084536
chr20	21084587
chr20	21085056
chr20	21085703
chr20	21085711
chr20	21087392
chr20	21106031
chr20	21216122
chr20	21216202
chr20	21216223
chr20	21371583
chr20	21371591
chr20	21371609
chr20	21371673
chr20	21371917
chr20	21378408
chr20	21378422
chr20	21378426
chr20	21378462
chr20	21378472
chr20	21378475
chr20	21378494
chr20	21378694
chr20	21487483
chr20	21488782
chr20	21489447
chr20	21677972
chr20	21684376
chr20	21684822
chr20	21684831
chr20	21685008
chr20	21688382
chr20	21688784
chr20	21693440
chr20	21693462
chr20	21693593
chr20	21693600
chr20	21696570
chr20	21696650
chr20	21696673
chr20	21868717
chr20	22383794
chr20	22383855
chr20	22383861
chr20	22384336
chr20	22410980
chr20	22410998
chr20	22537279
chr20	22537321
chr20	22537380
chr20	22537402
chr20	22538321
chr20	22539059
chr20	22539442
chr20	22539479
chr20	22539622
chr20	22539640
chr20	22539828
chr20	22539844
chr20	22539878
chr20	22540167
chr20	22540184
chr20	22540300
chr20	22540318
chr20	22540459
chr20	22540510
chr20	22540680
chr20	22540719
chr20	22540757
chr20	22541353
chr20	22541493
chr20	22541524
chr20	22541546
chr20	22541554
chr20	22541564
chr20	22541589
chr20	22541617
chr20	22541620
chr20	22541623
chr20	22541628
chr20	22541636
chr20	22541654
chr20	22541681
chr20	22541718
chr20	22541746
chr20	22541947
chr20	22542538
chr20	22542647
chr20	22542709
chr20	22542739
chr20	22543046
chr20	22543145
chr20	22543317
chr20	22543357
chr20	22544401
chr20	22544577
chr20	22544761
chr20	22545424
chr20	22551501
chr20	22552427
chr20	22553136
chr20	22553293
chr20	22553335
chr20	22553454
chr20	22566627
chr20	22566666
chr20	22566751
chr20	22566832
chr20	22566874
chr20	22566876
chr20	22566883
chr20	22566936
chr20	22566941
chr20	22566975
chr20	22566984
chr20	22566996
chr20	22567051
chr20	22567053
chr20	22567147
chr20	22571212
chr20	22600605
chr20	22601180
chr20	23016039
chr20	23016050
chr20	23016053
chr20	23016057
chr20	23016103
chr20	23016250
chr20	23016253
chr20	23016263
chr20	23016283
chr20	23028838
chr20	23029037
chr20	23029060
chr20	23029176
chr20	23029186
chr20	23029197
chr20	23029204
chr20	23029210
chr20	23029220
chr20	23029232
chr20	23029240
chr20	23029252
chr20	23029264
chr20	23029273
chr20	23029286
chr20	23032165
chr20	23336870
chr20	23336876
chr20	23336902
chr20	23336913
chr20	23336943
chr20	23336947
chr20	23336977
chr20	23336995
chr20	23337005
chr20	23337022
chr20	23337028
chr20	23337050
chr20	23337068
chr20	23337094
chr20	23337098
chr20	23337102
chr20	23337125
chr20	23337130
chr20	23337138
chr20	23337155
chr20	23337158
chr20	23337165
chr20	23337178
chr20	23337190
chr20	23337192
chr20	23337199
chr20	23337326
chr20	23337409
chr20	23337420
chr20	23756825
chr20	23756903
chr20	24041734
chr20	24041889
chr20	24448345
chr20	24448512
chr20	24448536
chr20	24448570
chr20	24448604
chr20	25037539
chr20	25037838
chr20	25039272
chr20	25039406
chr20	25039463
chr20	25039718
chr20	25058246
chr20	25058288
chr20	25058293
chr20	25058297
chr20	25058303
chr20	25058333
chr20	25058335
chr20	25058353
chr20	25058359
chr20	25058362
chr20	25058374
chr20	25058387
chr20	25058400
chr20	25058413
chr20	25058422
chr20	25058428
chr20	25058437
chr20	25058446
chr20	25058454
chr20	25058463
chr20	25058469
chr20	25058484
chr20	25058554
chr20	25058566
chr20	25058572
chr20	25058575
chr20	25058587
chr20	25058601
chr20	25058640
chr20	25058655
chr20	25058670
chr20	25058690
chr20	25058696
chr20	25058700
chr20	25058705
chr20	25058713
chr20	25058724
chr20	25058747
chr20	25062707
chr20	25062873
chr20	25063431
chr20	25063518
chr20	25063795
chr20	25063816
chr20	25063838
chr20	25063840
chr20	25063865
chr20	25063869
chr20	25063879
chr20	25063886
chr20	25063907
chr20	25063952
chr20	25063960
chr20	25063965
chr20	25063980
chr20	25063991
chr20	25063993
chr20	25064001
chr20	25064004
chr20	25064006
chr20	25064016
chr20	25064018
chr20	25064022
chr20	25064031
chr20	25064038
chr20	25064071
chr20	25064076
chr20	25064078
chr20	25064082
chr20	25064095
chr20	25064126
chr20	25064151
chr20	25064164
chr20	25064208
chr20	25064267
chr20	25064277
chr20	25064286
chr20	25064292
chr20	25064302
chr20	25064307
chr20	25064309
chr20	25064351
chr20	25064362
chr20	25064370
chr20	25064376
chr20	25064388
chr20	25064421
chr20	25064443
chr20	25064470
chr20	25064486
chr20	25064490
chr20	25064496
chr20	25064500
chr20	25064502
chr20	25064522
chr20	25064528
chr20	25064532
chr20	25064534
chr20	25064538
chr20	25064541
chr20	25064555
chr20	25064562
chr20	25064629
chr20	25064635
chr20	25064651
chr20	25064692
chr20	25064729
chr20	25064731
chr20	25064734
chr20	25064739
chr20	25064749
chr20	25064817
chr20	25064822
chr20	25064828
chr20	25064900
chr20	25064937
chr20	25064953
chr20	25064992
chr20	25064999
chr20	25065028
chr20	25065033
chr20	25065038
chr20	25065055
chr20	25065057
chr20	25065093
chr20	25065104
chr20	25065107
chr20	25065112
chr20	25065128
chr20	25065137
chr20	25065158
chr20	25065160
chr20	25065194
chr20	25065206
chr20	25065210
chr20	25065222
chr20	25065243
chr20	25065253
chr20	25065264
chr20	25065292
chr20	25065310
chr20	25065318
chr20	25065329
chr20	25065346
chr20	25065351
chr20	25065353
chr20	25065370
chr20	25065372
chr20	25065380
chr20	25065417
chr20	25065448
chr20	25065457
chr20	25065459
chr20	25065463
chr20	25065469
chr20	25065474
chr20	25065478
chr20	25065492
chr20	25065511
chr20	25065523
chr20	25065552
chr20	25065621
chr20	25065624
chr20	25065628
chr20	25065630
chr20	25065647
chr20	25065712
chr20	25065714
chr20	25065730
chr20	25065768
chr20	25065781
chr20	25065786
chr20	25097560
chr20	25128887
chr20	25128904
chr20	25128906
chr20	25128956
chr20	25128975
chr20	25129002
chr20	25129222
chr20	25129235
chr20	25129243
chr20	25129246
chr20	25129248
chr20	25129255
chr20	25129270
chr20	25129295
chr20	25129300
chr20	25129328
chr20	25129399
chr20	25129404
chr20	25129414
chr20	25129449
chr20	25129456
chr20	25129464
chr20	25129474
chr20	25129478
chr20	25129482
chr20	25129488
chr20	25129502
chr20	25129506
chr20	25129519
chr20	25129528
chr20	25129541
chr20	25129561
chr20	25129582
chr20	25129591
chr20	25129603
chr20	25129608
chr20	25129648
chr20	25129661
chr20	25177263
chr20	25177320
chr20	25177337
chr20	25177339
chr20	25177412
chr20	25177516
chr20	25177535
chr20	25177587
chr20	25177602
chr20	25177638
chr20	25177642
chr20	25177649
chr20	25177654
chr20	25337445
chr20	25337506
chr20	25337525
chr20	25372259
chr20	25372388
chr20	25372396
chr20	25372402
chr20	25372424
chr20	25372426
chr20	25372432
chr20	25372464
chr20	25372508
chr20	25372511
chr20	25389215
chr20	25838698
chr20	25838702
chr20	25838705
chr20	25838710
chr20	25838742
chr20	25838815
chr20	25838839
chr20	25838845
chr20	25838851
chr20	25838854
chr20	25838859
chr20	25838892
chr20	25838911
chr20	25838960
chr20	25838991
chr20	25838993
chr20	25838998
chr20	25839000
chr20	25839006
chr20	25839025
chr20	25839027
chr20	25839032
chr20	25839052
chr20	25839068
chr20	25839071
chr20	25839074
chr20	25839079
chr20	25839090
chr20	25839108
chr20	25839111
chr20	25839113
chr20	25839126
chr20	25839142
chr20	25839145
chr20	25839160
chr20	25839162
chr20	25839174
chr20	25839236
chr20	25839257
chr20	25839291
chr20	25839307
chr20	25839351
chr20	25839356
chr20	25839467
chr20	25839490
chr20	25839502
chr20	25839560
chr20	25839568
chr20	25840347
chr20	25840350
chr20	25840365
chr20	25840490
chr20	25840496
chr20	25840499
chr20	25840537
chr20	25840556
chr20	25840605
chr20	25840632
chr20	25840636
chr20	25840638
chr20	25840641
chr20	25840643
chr20	25840645
chr20	25840651
chr20	25840672
chr20	25840677
chr20	25840713
chr20	25840724
chr20	25840734
chr20	25840743
chr20	25840754
chr20	25840765
chr20	25840782
chr20	25840785
chr20	25840794
chr20	25840875
chr20	25842054
chr20	25842832
chr20	25843148
chr20	25843150
chr20	25843711
chr20	25846138
chr20	25846170
chr20	25846200
chr20	25846203
chr20	25846208
chr20	25846313
chr20	25846323
chr20	25846337
chr20	25846349
chr20	25846352
chr20	25846358
chr20	25846374
chr20	25846390
chr20	25846428
chr20	25846475
chr20	25846485
chr20	25846489
chr20	25846498
chr20	25846504
chr20	25846518
chr20	25846523
chr20	25846530
chr20	25846550
chr20	25846572
chr20	25846577
chr20	25846582
chr20	25846592
chr20	25846609
chr20	25846612
chr20	25846623
chr20	25846627
chr20	25846629
chr20	25846729
chr20	25846779
chr20	25846799
chr20	25846828
chr20	25848568
chr20	25848818
chr20	25848851
chr20	25848856
chr20	25848858
chr20	25848864
chr20	25848883
chr20	25848885
chr20	25848910
chr20	25848932
chr20	25848968
chr20	25848971
chr20	25848974
chr20	25848984
chr20	25849001
chr20	25849034
chr20	25849047
chr20	25849080
chr20	25849145
chr20	25849196
chr20	25849210
chr20	25849273
chr20	25849297
chr20	25849314
chr20	25849321
chr20	25849351
chr20	25849358
chr20	25849386
chr20	25849397
chr20	25849413
chr20	25849419
chr20	25849421
chr20	26190415
chr20	26190417
chr20	26190421
chr20	26190450
chr20	26190469
chr20	26190472
chr20	26190474
chr20	26190538
chr20	30169316
chr20	30169349
chr20	30169354
chr20	30175274
chr20	30176030
chr20	30176039
chr20	30194993
chr20	30225608
chr20	30225626
chr20	30225634
chr20	30225642
chr20	30225648
chr20	30225665
chr20	30225676
chr20	30225680
chr20	30225684
chr20	30225700
chr20	30225705
chr20	30225721
chr20	30225739
chr20	30225741
chr20	30225753
chr20	30225759
chr20	30225761
chr20	30225788
chr20	30225801
chr20	30225803
chr20	30225805
chr20	30225816
chr20	30225818
chr20	30225837
chr20	30225840
chr20	30225850
chr20	30437473
chr20	30437475
chr20	30437489
chr20	30437512
chr20	30437527
chr20	30437535
chr20	30437549
chr20	30437572
chr20	30437576
chr20	30437579
chr20	30437583
chr20	30437587
chr20	30437589
chr20	30437599
chr20	30437605
chr20	30437621
chr20	30437630
chr20	30437632
chr20	30437640
chr20	30437645
chr20	30437662
chr20	30437685
chr20	30437699
chr20	30437708
chr20	30437714
chr20	30437717
chr20	30437730
chr20	30444236
chr20	30448229
chr20	30458707
chr20	30499436
chr20	30524560
chr20	30555241
chr20	30562786
chr20	30563066
chr20	30582963
chr20	30582979
chr20	30583000
chr20	30583010
chr20	30583070
chr20	30598764
chr20	30598775
chr20	30618871
chr20	30618873
chr20	30618879
chr20	30618904
chr20	30618929
chr20	30618932
chr20	30618939
chr20	30618946
chr20	30618954
chr20	30618960
chr20	30618962
chr20	30618965
chr20	30618970
chr20	30618975
chr20	30618994
chr20	30619013
chr20	30619017
chr20	30619023
chr20	30619028
chr20	30619038
chr20	30619044
chr20	30619047
chr20	30619050
chr20	30619053
chr20	30619056
chr20	30619069
chr20	30619083
chr20	30619089
chr20	30619092
chr20	30619095
chr20	30619121
chr20	30619133
chr20	30638892
chr20	30639156
chr20	30639210
chr20	30639238
chr20	30639243
chr20	30639245
chr20	30639280
chr20	30639304
chr20	30639313
chr20	30639425
chr20	30639428
chr20	30639461
chr20	30639464
chr20	30639477
chr20	30639479
chr20	30639493
chr20	30639680
chr20	30639700
chr20	30639704
chr20	30639765
chr20	30639798
chr20	30639815
chr20	30639830
chr20	30639832
chr20	30678019
chr20	31062709
chr20	31063304
chr20	31064212
chr20	31115495
chr20	31115502
chr20	31116031
chr20	31116258
chr20	31122548
chr20	31122555
chr20	31124979
chr20	31124999
chr20	31125001
chr20	31125024
chr20	31125038
chr20	31125065
chr20	31125088
chr20	31125125
chr20	31125127
chr20	31125204
chr20	31125207
chr20	31125209
chr20	31125238
chr20	31125244
chr20	31126567
chr20	31126581
chr20	31126717
chr20	31148822
chr20	31148848
chr20	31149101
chr20	31149119
chr20	31149123
chr20	31149153
chr20	31149370
chr20	31150572
chr20	31158378
chr20	31170172
chr20	31219916
chr20	32156201
chr20	32156226
chr20	32156358
chr20	32156361
chr20	32156365
chr20	32156367
chr20	32156435
chr20	32156441
chr20	32308200
chr20	32308274
chr20	32400202
chr20	32583123
chr20	32600333
chr20	32633900
chr20	32741846
chr20	32741849
chr20	32741888
chr20	32741902
chr20	32742019
chr20	32742282
chr20	32856590
chr20	32856659
chr20	32856663
chr20	32856670
chr20	32856685
chr20	32856718
chr20	32856746
chr20	32856758
chr20	32856764
chr20	32856779
chr20	32856782
chr20	32856791
chr20	32856806
chr20	32856823
chr20	32856829
chr20	32856845
chr20	32856852
chr20	32856862
chr20	32856878
chr20	32856881
chr20	32856888
chr20	32856897
chr20	32856902
chr20	32856906
chr20	32856922
chr20	32856931
chr20	32856936
chr20	32856949
chr20	32856951
chr20	32856974
chr20	32856986
chr20	32856990
chr20	32856992
chr20	32857008
chr20	32857014
chr20	32857016
chr20	32857021
chr20	32857028
chr20	32857032
chr20	32857051
chr20	32857071
chr20	32857075
chr20	32857125
chr20	32857150
chr20	32857160
chr20	32857181
chr20	32857191
chr20	32857200
chr20	32857205
chr20	32857213
chr20	32857215
chr20	32857226
chr20	32857242
chr20	32857246
chr20	32857278
chr20	32857287
chr20	32857305
chr20	32857340
chr20	32857452
chr20	32857475
chr20	32857477
chr20	32857487
chr20	32886349
chr20	32900188
chr20	33103112
chr20	33103121
chr20	33103150
chr20	33111027
chr20	33132194
chr20	33132277
chr20	33132279
chr20	33132294
chr20	33132314
chr20	33132316
chr20	33132326
chr20	33132483
chr20	33132500
chr20	33132510
chr20	33132560
chr20	33132573
chr20	33132599
chr20	33132635
chr20	33132822
chr20	33137678
chr20	33146116
chr20	33146135
chr20	33146147
chr20	33146155
chr20	33146158
chr20	33146185
chr20	33146200
chr20	33146220
chr20	33146643
chr20	33146702
chr20	33146710
chr20	33146720
chr20	33146734
chr20	33146755
chr20	33146765
chr20	33291415
chr20	33291456
chr20	33291458
chr20	33413628
chr20	33413641
chr20	33413663
chr20	33451225
chr20	33451229
chr20	33451234
chr20	33451237
chr20	33451244
chr20	33451254
chr20	33451256
chr20	33451261
chr20	33451263
chr20	33451268
chr20	33451271
chr20	33451276
chr20	33451295
chr20	33451298
chr20	33451301
chr20	33451304
chr20	33451314
chr20	33451323
chr20	33451346
chr20	33451354
chr20	33451366
chr20	33451372
chr20	33451426
chr20	33451440
chr20	33451460
chr20	33451495
chr20	33451497
chr20	33451515
chr20	33451523
chr20	33451530
chr20	33451686
chr20	33460183
chr20	33460247
chr20	33460253
chr20	33460449
chr20	33465202
chr20	33465217
chr20	33542902
chr20	33542904
chr20	33542910
chr20	33542915
chr20	33567552
chr20	33571823
chr20	33571831
chr20	33571839
chr20	33571866
chr20	33571974
chr20	33572375
chr20	33585109
chr20	33585122
chr20	33585132
chr20	33585215
chr20	33585222
chr20	33585239
chr20	33585261
chr20	33585271
chr20	33585285
chr20	33585296
chr20	33585313
chr20	33585315
chr20	33585418
chr20	33680988
chr20	33681002
chr20	33762721
chr20	33762725
chr20	33762743
chr20	33873058
chr20	33873067
chr20	33891712
chr20	33891717
chr20	34034600
chr20	34034741
chr20	34034761
chr20	34034763
chr20	34034935
chr20	34043778
chr20	34043818
chr20	34148016
chr20	34188719
chr20	34188725
chr20	34188753
chr20	34188776
chr20	34190098
chr20	34203706
chr20	34203711
chr20	34203713
chr20	34204926
chr20	34205105
chr20	34205140
chr20	34205165
chr20	34205181
chr20	34205198
chr20	34205212
chr20	34205244
chr20	34205522
chr20	34205583
chr20	34205592
chr20	34205670
chr20	34205689
chr20	34205716
chr20	34205729
chr20	34205738
chr20	34206650
chr20	34653092
chr20	34653139
chr20	34653152
chr20	34653156
chr20	34653158
chr20	34653161
chr20	34653194
chr20	34653230
chr20	34653234
chr20	34653240
chr20	34653243
chr20	34653260
chr20	34653269
chr20	34653276
chr20	34653282
chr20	34653310
chr20	34653321
chr20	34653328
chr20	34653343
chr20	34653356
chr20	34653403
chr20	34653407
chr20	34658637
chr20	34682268
chr20	34682463
chr20	34893639
chr20	34895175
chr20	34895177
chr20	34895193
chr20	34895212
chr20	34895300
chr20	34895309
chr20	34895314
chr20	34895365
chr20	34895483
chr20	34895489
chr20	34895542
chr20	34895927
chr20	34895971
chr20	34896041
chr20	34996847
chr20	35020018
chr20	35064519
chr20	35064525
chr20	35064528
chr20	35064542
chr20	35064556
chr20	35064558
chr20	35064563
chr20	35064572
chr20	35064590
chr20	35064595
chr20	35064598
chr20	35064604
chr20	35064609
chr20	35064633
chr20	35064645
chr20	35064648
chr20	35064654
chr20	35064657
chr20	35064684
chr20	35064686
chr20	35064689
chr20	35064691
chr20	35064694
chr20	35064716
chr20	35064725
chr20	35064748
chr20	35064758
chr20	35064760
chr20	35064776
chr20	35064937
chr20	35091040
chr20	35091051
chr20	35091053
chr20	35091262
chr20	35091316
chr20	35168208
chr20	35168932
chr20	35168978
chr20	35168986
chr20	35169011
chr20	35169085
chr20	35191287
chr20	35200953
chr20	35492720
chr20	35492722
chr20	35492733
chr20	35492783
chr20	35492803
chr20	35492853
chr20	35492858
chr20	35492942
chr20	35492946
chr20	35492954
chr20	35492956
chr20	35492978
chr20	35493010
chr20	35493040
chr20	35493170
chr20	35493270
chr20	35493287
chr20	35493291
chr20	35493299
chr20	35493318
chr20	35493364
chr20	35493372
chr20	35493377
chr20	35493397
chr20	35493914
chr20	35896335
chr20	36012595
chr20	36025119
chr20	36025144
chr20	36025158
chr20	36025160
chr20	36025169
chr20	36025190
chr20	36025401
chr20	36037210
chr20	36040933
chr20	36148026
chr20	36148102
chr20	36148132
chr20	36148153
chr20	36148648
chr20	36148678
chr20	36148698
chr20	36148729
chr20	36148754
chr20	36148760
chr20	36148766
chr20	36148774
chr20	36148778
chr20	36148790
chr20	36148927
chr20	36148945
chr20	36148953
chr20	36148960
chr20	36148993
chr20	36149012
chr20	36149021
chr20	36149052
chr20	36149062
chr20	36149080
chr20	36149543
chr20	36149554
chr20	36149592
chr20	36149600
chr20	36149617
chr20	36149632
chr20	36149639
chr20	36149665
chr20	36149681
chr20	36149688
chr20	36149737
chr20	36149746
chr20	36149749
chr20	36149755
chr20	36149774
chr20	36149790
chr20	36149792
chr20	36149815
chr20	36149823
chr20	36149846
chr20	36149848
chr20	36149861
chr20	36149871
chr20	36149874
chr20	36149876
chr20	36149883
chr20	36149890
chr20	36149896
chr20	36149906
chr20	36149913
chr20	36149915
chr20	36149937
chr20	36149943
chr20	36149949
chr20	36149951
chr20	36149953
chr20	36149973
chr20	36149976
chr20	36149985
chr20	36149987
chr20	36150005
chr20	36150009
chr20	36150011
chr20	36150060
chr20	36150079
chr20	36150086
chr20	36150088
chr20	36150102
chr20	36150117
chr20	36150134
chr20	36150167
chr20	36150659
chr20	36150742
chr20	36150794
chr20	36150801
chr20	36150829
chr20	36150872
chr20	36150920
chr20	36150933
chr20	36150937
chr20	36150939
chr20	36150943
chr20	36150958
chr20	36150990
chr20	36151002
chr20	36151060
chr20	36151063
chr20	36151102
chr20	36151108
chr20	36151110
chr20	36151115
chr20	36151119
chr20	36151146
chr20	36151183
chr20	36151187
chr20	36151214
chr20	36151223
chr20	36151236
chr20	36151238
chr20	36151268
chr20	36151337
chr20	36151372
chr20	36151610
chr20	36178686
chr20	36178693
chr20	36178747
chr20	36192664
chr20	36192666
chr20	36226514
chr20	36226531
chr20	36226551
chr20	36226632
chr20	36226634
chr20	36226644
chr20	36226646
chr20	36475230
chr20	36529841
chr20	36529845
chr20	36531182
chr20	36531769
chr20	36531944
chr20	36531961
chr20	36532089
chr20	36540400
chr20	36540419
chr20	36540598
chr20	36543134
chr20	36543173
chr20	36543243
chr20	36543323
chr20	36543337
chr20	36543348
chr20	36543351
chr20	36543395
chr20	36543398
chr20	36543407
chr20	36543410
chr20	36543428
chr20	36543446
chr20	36543453
chr20	36543456
chr20	36543461
chr20	36543486
chr20	36543489
chr20	36543498
chr20	36543548
chr20	36543558
chr20	36543586
chr20	36543663
chr20	36543673
chr20	36543684
chr20	36543686
chr20	36543753
chr20	36543887
chr20	36543923
chr20	36543944
chr20	36543963
chr20	36543996
chr20	36544068
chr20	36544104
chr20	36544112
chr20	36544183
chr20	36544318
chr20	36544357
chr20	36544417
chr20	36544493
chr20	36544514
chr20	36544519
chr20	36544557
chr20	36544578
chr20	36544589
chr20	36544653
chr20	36544662
chr20	36544665
chr20	36544670
chr20	36544688
chr20	36544709
chr20	36544744
chr20	36544746
chr20	36544964
chr20	36546093
chr20	36605403
chr20	36605409
chr20	36605687
chr20	36605915
chr20	36793527
chr20	36793593
chr20	36846217
chr20	36846276
chr20	36846284
chr20	36846330
chr20	36888709
chr20	36888789
chr20	36888871
chr20	36888891
chr20	36888893
chr20	36888907
chr20	36888918
chr20	36888921
chr20	36888925
chr20	36888928
chr20	36888930
chr20	36888946
chr20	36888948
chr20	36889418
chr20	36889426
chr20	36889431
chr20	36889440
chr20	36889449
chr20	36889453
chr20	36889455
chr20	36889462
chr20	36931286
chr20	36931320
chr20	36981853
chr20	37229810
chr20	37230199
chr20	37230207
chr20	37230325
chr20	37230328
chr20	37230339
chr20	37230356
chr20	37230385
chr20	37230388
chr20	37230412
chr20	37230427
chr20	37230483
chr20	37230488
chr20	37230523
chr20	37230527
chr20	37230540
chr20	37230543
chr20	37230554
chr20	37230558
chr20	37230562
chr20	37230571
chr20	37230590
chr20	37230608
chr20	37230611
chr20	37230652
chr20	37230660
chr20	37230667
chr20	37230669
chr20	37230675
chr20	37230687
chr20	37230692
chr20	37230699
chr20	37230707
chr20	37230740
chr20	37288017
chr20	37302183
chr20	37309338
chr20	37343300
chr20	37349894
chr20	37351063
chr20	37359226
chr20	37408103
chr20	37408116
chr20	37419219
chr20	37419227
chr20	37433372
chr20	37433813
chr20	37454970
chr20	37522283
chr20	37522358
chr20	37911306
chr20	39131706
chr20	39310931
chr20	39311173
chr20	39311223
chr20	39311253
chr20	39311277
chr20	39311308
chr20	39311378
chr20	39311392
chr20	39311400
chr20	39311410
chr20	39311419
chr20	39311424
chr20	39311429
chr20	39311432
chr20	39311442
chr20	39311449
chr20	39311478
chr20	39311492
chr20	39311501
chr20	39311509
chr20	39311517
chr20	39311538
chr20	39311540
chr20	39311548
chr20	39311574
chr20	39311576
chr20	39311579
chr20	39311597
chr20	39311605
chr20	39311609
chr20	39311623
chr20	39311633
chr20	39311636
chr20	39311700
chr20	39311784
chr20	39311790
chr20	39311792
chr20	39311804
chr20	39311813
chr20	39311830
chr20	39311839
chr20	39311844
chr20	39311861
chr20	39311864
chr20	39311867
chr20	39311878
chr20	39311890
chr20	39311909
chr20	39311915
chr20	39311924
chr20	39311931
chr20	39311933
chr20	39311936
chr20	39311963
chr20	39311967
chr20	39311969
chr20	39311974
chr20	39311988
chr20	39311992
chr20	39312010
chr20	39312014
chr20	39312018
chr20	39312022
chr20	39312034
chr20	39312052
chr20	39312058
chr20	39312068
chr20	39312082
chr20	39312089
chr20	39312112
chr20	39312133
chr20	39312160
chr20	39312162
chr20	39312167
chr20	39312176
chr20	39312185
chr20	39312201
chr20	39312207
chr20	39312228
chr20	39312234
chr20	39312250
chr20	39312289
chr20	39312292
chr20	39312297
chr20	39312302
chr20	39312316
chr20	39312322
chr20	39312328
chr20	39312346
chr20	39312352
chr20	39312366
chr20	39312374
chr20	39312396
chr20	39312402
chr20	39312413
chr20	39312423
chr20	39312428
chr20	39312433
chr20	39312461
chr20	39312492
chr20	39312626
chr20	39312681
chr20	39312777
chr20	39312807
chr20	39312810
chr20	39313440
chr20	39313491
chr20	39315210
chr20	39315231
chr20	39315726
chr20	39315736
chr20	39315739
chr20	39319635
chr20	39319732
chr20	39319750
chr20	39319757
chr20	39319766
chr20	39319779
chr20	39319804
chr20	39319810
chr20	39319815
chr20	39319849
chr20	39319868
chr20	39319881
chr20	39319913
chr20	39319919
chr20	39319928
chr20	39319955
chr20	39319965
chr20	39319974
chr20	39319985
chr20	39320004
chr20	39320090
chr20	39320092
chr20	39320136
chr20	39320144
chr20	39320152
chr20	39320172
chr20	39320175
chr20	39320185
chr20	39320229
chr20	39320235
chr20	39320254
chr20	39320258
chr20	39320269
chr20	39320290
chr20	39320305
chr20	39320307
chr20	39320355
chr20	39320549
chr20	39320563
chr20	39320571
chr20	39320577
chr20	39320588
chr20	39320610
chr20	39320622
chr20	39320661
chr20	39320671
chr20	39320673
chr20	39320681
chr20	39320722
chr20	39320730
chr20	39320753
chr20	39320778
chr20	39320841
chr20	39320846
chr20	39320875
chr20	39320895
chr20	39320925
chr20	39320927
chr20	39320938
chr20	39320969
chr20	39320998
chr20	39321009
chr20	39321095
chr20	39321128
chr20	39321133
chr20	39321138
chr20	39321185
chr20	39321190
chr20	39321212
chr20	39321251
chr20	39321270
chr20	39321289
chr20	39321291
chr20	39321300
chr20	39321318
chr20	39321342
chr20	39321345
chr20	39321348
chr20	39321358
chr20	39321362
chr20	39321378
chr20	39321405
chr20	39321413
chr20	39321416
chr20	39321426
chr20	39321429
chr20	39321464
chr20	39321472
chr20	39321484
chr20	39321504
chr20	39321508
chr20	39321523
chr20	39321527
chr20	39321540
chr20	39321542
chr20	39321544
chr20	39321546
chr20	39321566
chr20	39321576
chr20	39321578
chr20	39321585
chr20	39321591
chr20	39321615
chr20	39321625
chr20	39321630
chr20	39321639
chr20	39321645
chr20	39321728
chr20	39321735
chr20	39321860
chr20	39322005
chr20	39367599
chr20	39367652
chr20	39861267
chr20	39861329
chr20	39994549
chr20	39994558
chr20	39994594
chr20	39994658
chr20	39994669
chr20	39994677
chr20	39994804
chr20	39995911
chr20	39995919
chr20	39996009
chr20	39996023
chr20	39996038
chr20	39996123
chr20	39996155
chr20	40016313
chr20	40016455
chr20	40248253
chr20	40398665
chr20	41021323
chr20	41817173
chr20	42059321
chr20	42059349
chr20	42059468
chr20	42059478
chr20	42135793
chr20	42136962
chr20	42295366
chr20	42350183
chr20	42542858
chr20	42542987
chr20	42543023
chr20	42543033
chr20	42545625
chr20	42590493
chr20	42590686
chr20	42744647
chr20	42744649
chr20	42744912
chr20	42744914
chr20	42840155
chr20	42901143
chr20	42927696
chr20	42927734
chr20	42927741
chr20	42927772
chr20	42927781
chr20	42927785
chr20	42927800
chr20	42927802
chr20	42927804
chr20	42927807
chr20	42927813
chr20	42927830
chr20	42927838
chr20	42927849
chr20	42927884
chr20	42927890
chr20	42927921
chr20	42944756
chr20	42955293
chr20	42955780
chr20	42964958
chr20	42965024
chr20	42965034
chr20	42965063
chr20	43105109
chr20	43105132
chr20	43105150
chr20	43245397
chr20	43245408
chr20	43245435
chr20	43245479
chr20	43279786
chr20	43279935
chr20	43281295
chr20	43281348
chr20	43281752
chr20	43353373
chr20	43353495
chr20	43375039
chr20	43379431
chr20	43434773
chr20	43434781
chr20	43437953
chr20	43437976
chr20	43438025
chr20	43438044
chr20	43438072
chr20	43438086
chr20	43438153
chr20	43438196
chr20	43438230
chr20	43438254
chr20	43438337
chr20	43727056
chr20	43727095
chr20	43727126
chr20	43727166
chr20	43727213
chr20	43727219
chr20	43727267
chr20	43727272
chr20	43727294
chr20	43727309
chr20	43729409
chr20	43729439
chr20	43729515
chr20	43729521
chr20	43729526
chr20	43729534
chr20	43729577
chr20	43729581
chr20	43729608
chr20	43729860
chr20	43729868
chr20	43729873
chr20	43729909
chr20	43743834
chr20	43921732
chr20	43921747
chr20	43921798
chr20	43921804
chr20	43921810
chr20	43921815
chr20	43921824
chr20	43921891
chr20	43921920
chr20	43921949
chr20	43921952
chr20	43921967
chr20	43921973
chr20	43921980
chr20	43921989
chr20	43922007
chr20	43922010
chr20	43922014
chr20	43922018
chr20	43922021
chr20	43922031
chr20	43922036
chr20	43922059
chr20	43922062
chr20	43922080
chr20	43922087
chr20	43922150
chr20	43922159
chr20	43922162
chr20	43922168
chr20	43922173
chr20	43922183
chr20	43922218
chr20	43922221
chr20	43922228
chr20	43922240
chr20	43922266
chr20	43922286
chr20	43922331
chr20	43922334
chr20	43922347
chr20	43922470
chr20	43922483
chr20	43922496
chr20	43922613
chr20	43935415
chr20	43935422
chr20	43936858
chr20	43936865
chr20	43936875
chr20	43936895
chr20	43936898
chr20	43936901
chr20	43936909
chr20	43936956
chr20	43936960
chr20	43937083
chr20	43937111
chr20	43940322
chr20	43940674
chr20	43940701
chr20	43940709
chr20	43940728
chr20	43940768
chr20	43940771
chr20	43940776
chr20	43940780
chr20	43940784
chr20	43940813
chr20	43940865
chr20	43940871
chr20	43940929
chr20	43940941
chr20	43940943
chr20	43940950
chr20	43940974
chr20	43940993
chr20	43941002
chr20	43941017
chr20	43970646
chr20	43970653
chr20	43970762
chr20	43970830
chr20	44001321
chr20	44001353
chr20	44001363
chr20	44001377
chr20	44001390
chr20	44001394
chr20	44001418
chr20	44001435
chr20	44001443
chr20	44001476
chr20	44001478
chr20	44001503
chr20	44001507
chr20	44001565
chr20	44001655
chr20	44001694
chr20	44001700
chr20	44001743
chr20	44001747
chr20	44001758
chr20	44001786
chr20	44001815
chr20	44001941
chr20	44002060
chr20	44002069
chr20	44002071
chr20	44002101
chr20	44002110
chr20	44002238
chr20	44002240
chr20	44002243
chr20	44002245
chr20	44002258
chr20	44002264
chr20	44002271
chr20	44116198
chr20	44116240
chr20	44116244
chr20	44116258
chr20	44451615
chr20	44451639
chr20	44451658
chr20	44451666
chr20	44451680
chr20	44451686
chr20	44451689
chr20	44451726
chr20	44451729
chr20	44452629
chr20	44452701
chr20	44452741
chr20	44452746
chr20	44452755
chr20	44452775
chr20	44452805
chr20	44452828
chr20	44452831
chr20	44452836
chr20	44452842
chr20	44452855
chr20	44452870
chr20	44452876
chr20	44452880
chr20	44452907
chr20	44452914
chr20	44452925
chr20	44452934
chr20	44452942
chr20	44452952
chr20	44452967
chr20	44452980
chr20	44452982
chr20	44452999
chr20	44453024
chr20	44453030
chr20	44453039
chr20	44453048
chr20	44453083
chr20	44453089
chr20	44453115
chr20	44453133
chr20	44462991
chr20	44463165
chr20	44463167
chr20	44485485
chr20	44518823
chr20	44541470
chr20	44541508
chr20	44541510
chr20	44541516
chr20	44541533
chr20	44541548
chr20	44541592
chr20	44541596
chr20	44599805
chr20	44599826
chr20	44599864
chr20	44599883
chr20	44599916
chr20	44599920
chr20	44599922
chr20	44599925
chr20	44599928
chr20	44599937
chr20	44599973
chr20	44599991
chr20	44599996
chr20	44600013
chr20	44600015
chr20	44600018
chr20	44600036
chr20	44600054
chr20	44600057
chr20	44600072
chr20	44600077
chr20	44600159
chr20	44651257
chr20	44658252
chr20	44658710
chr20	44658758
chr20	44659463
chr20	44659655
chr20	44685862
chr20	44685880
chr20	44686068
chr20	44686087
chr20	44686108
chr20	44686124
chr20	44686190
chr20	44686205
chr20	44686207
chr20	44686210
chr20	44686213
chr20	44686217
chr20	44686219
chr20	44686262
chr20	44686268
chr20	44686272
chr20	44686274
chr20	44686278
chr20	44686283
chr20	44686285
chr20	44686291
chr20	44686300
chr20	44686305
chr20	44686312
chr20	44686315
chr20	44686324
chr20	44686347
chr20	44686367
chr20	44686381
chr20	44686390
chr20	44686408
chr20	44686417
chr20	44686422
chr20	44686425
chr20	44686427
chr20	44686472
chr20	44686492
chr20	44686498
chr20	44686503
chr20	44686515
chr20	44686542
chr20	44686589
chr20	44686615
chr20	44686618
chr20	44686620
chr20	44686627
chr20	44686634
chr20	44686642
chr20	44686645
chr20	44686662
chr20	44686665
chr20	44686670
chr20	44686678
chr20	44686680
chr20	44686703
chr20	44686722
chr20	44686725
chr20	44686730
chr20	44686737
chr20	44686739
chr20	44686743
chr20	44686747
chr20	44686776
chr20	44686778
chr20	44686791
chr20	44686817
chr20	44686831
chr20	44686840
chr20	44686850
chr20	44686864
chr20	44686872
chr20	44686880
chr20	44686902
chr20	44686920
chr20	44686941
chr20	44686948
chr20	44686956
chr20	44686964
chr20	44686973
chr20	44686984
chr20	44686992
chr20	44687001
chr20	44687003
chr20	44687005
chr20	44687081
chr20	44687091
chr20	44687110
chr20	44687122
chr20	44687124
chr20	44687142
chr20	44687201
chr20	44687210
chr20	44687212
chr20	44687220
chr20	44687231
chr20	44687236
chr20	44687245
chr20	44687259
chr20	44687273
chr20	44687281
chr20	44687292
chr20	44687309
chr20	44687351
chr20	44687390
chr20	44687408
chr20	44687433
chr20	44687437
chr20	44687478
chr20	44687495
chr20	44687504
chr20	44687517
chr20	44687524
chr20	44687537
chr20	44687550
chr20	44687557
chr20	44687588
chr20	44687592
chr20	44687594
chr20	44687608
chr20	44687675
chr20	44687698
chr20	44687781
chr20	44687877
chr20	44687956
chr20	44720320
chr20	44720365
chr20	44720371
chr20	44720374
chr20	44720387
chr20	44720389
chr20	44720410
chr20	44720413
chr20	44720446
chr20	44720452
chr20	44720458
chr20	44720468
chr20	44720474
chr20	44720498
chr20	44720517
chr20	44720519
chr20	44720521
chr20	44720524
chr20	44720530
chr20	44720579
chr20	44720584
chr20	44720588
chr20	44720593
chr20	44720611
chr20	44720652
chr20	44720655
chr20	44720681
chr20	44720684
chr20	44720693
chr20	44720704
chr20	44720723
chr20	44720737
chr20	44720760
chr20	44720770
chr20	44720792
chr20	44720802
chr20	44720804
chr20	44720822
chr20	44720826
chr20	44720859
chr20	44720863
chr20	44720884
chr20	44720891
chr20	44720896
chr20	44720991
chr20	44728226
chr20	44728244
chr20	44728246
chr20	44728255
chr20	44728283
chr20	44728288
chr20	44728298
chr20	44728300
chr20	44728305
chr20	44728321
chr20	44728329
chr20	44728333
chr20	44728356
chr20	44728362
chr20	44728370
chr20	44728379
chr20	44728385
chr20	44728389
chr20	44728392
chr20	44728396
chr20	44728398
chr20	44728428
chr20	44728455
chr20	44728516
chr20	44746274
chr20	44746351
chr20	44746388
chr20	44746391
chr20	44746393
chr20	44746401
chr20	44746426
chr20	44746489
chr20	44746498
chr20	44746533
chr20	44746550
chr20	44746577
chr20	44746584
chr20	44746604
chr20	44746650
chr20	44746654
chr20	44746680
chr20	44746685
chr20	44746750
chr20	44746766
chr20	44746780
chr20	44746824
chr20	44746852
chr20	44746939
chr20	44746943
chr20	44746947
chr20	44746963
chr20	44764682
chr20	44764761
chr20	44803581
chr20	44803590
chr20	44803602
chr20	44803608
chr20	44803614
chr20	44803617
chr20	44803640
chr20	44827881
chr20	44828044
chr20	44828062
chr20	44829573
chr20	44829576
chr20	44829592
chr20	44829599
chr20	44829603
chr20	44829624
chr20	44829652
chr20	44829663
chr20	44829721
chr20	44829724
chr20	44829727
chr20	44829759
chr20	44829778
chr20	44829790
chr20	44829793
chr20	44829795
chr20	44829803
chr20	44829805
chr20	44829807
chr20	44829820
chr20	44829835
chr20	44829883
chr20	44844755
chr20	44844802
chr20	44844936
chr20	44851273
chr20	44851461
chr20	44851463
chr20	44851508
chr20	44875284
chr20	44875291
chr20	44875293
chr20	44875303
chr20	44875371
chr20	44875439
chr20	44875500
chr20	44879771
chr20	44879776
chr20	44879791
chr20	44879801
chr20	44880262
chr20	44935780
chr20	44937612
chr20	44963383
chr20	44977283
chr20	44977301
chr20	45034253
chr20	45191783
chr20	45212112
chr20	45212352
chr20	45212357
chr20	45212561
chr20	45279781
chr20	45279790
chr20	45279799
chr20	45279804
chr20	45279806
chr20	45279829
chr20	45279869
chr20	45279906
chr20	45279920
chr20	45279926
chr20	45279934
chr20	45279943
chr20	45279955
chr20	45279963
chr20	45279973
chr20	45279982
chr20	45279984
chr20	45279988
chr20	45279991
chr20	45280054
chr20	45280063
chr20	45280065
chr20	45280069
chr20	45280076
chr20	45280081
chr20	45280091
chr20	45280102
chr20	45280112
chr20	45280118
chr20	45280155
chr20	45280167
chr20	45280209
chr20	45280221
chr20	45280236
chr20	45280242
chr20	45312761
chr20	45312778
chr20	45312787
chr20	45312791
chr20	45312964
chr20	45313108
chr20	45313126
chr20	45313166
chr20	45313180
chr20	45313188
chr20	45313199
chr20	45313209
chr20	45313214
chr20	45313254
chr20	45524563
chr20	45835820
chr20	45989948
chr20	46395133
chr20	46433023
chr20	46433042
chr20	46433104
chr20	46433106
chr20	46433126
chr20	46433167
chr20	46601159
chr20	46624571
chr20	46624650
chr20	46624660
chr20	46807468
chr20	46921707
chr20	46921847
chr20	47002981
chr20	47089556
chr20	47247483
chr20	47363659
chr20	47367896
chr20	47367937
chr20	47367950
chr20	47368009
chr20	47436583
chr20	47537906
chr20	47664181
chr20	47803362
chr20	47803454
chr20	47803462
chr20	47803464
chr20	47835528
chr20	47893742
chr20	47897999
chr20	47934724
chr20	47934751
chr20	47935943
chr20	47935947
chr20	47935963
chr20	47936012
chr20	47936142
chr20	47936168
chr20	47964479
chr20	47964498
chr20	47964522
chr20	47964584
chr20	47997252
chr20	48066933
chr20	48185528
chr20	48228026
chr20	48328909
chr20	48532743
chr20	48532745
chr20	48545089
chr20	48598710
chr20	48598717
chr20	48598719
chr20	48598724
chr20	48598890
chr20	48625962
chr20	48626163
chr20	48626182
chr20	48626369
chr20	48626404
chr20	48626546
chr20	48626575
chr20	48626847
chr20	48626860
chr20	48626922
chr20	48626935
chr20	48626941
chr20	48632771
chr20	48632816
chr20	48692228
chr20	48692238
chr20	48692243
chr20	48692366
chr20	48692389
chr20	48692397
chr20	48692399
chr20	48770688
chr20	48809499
chr20	48810528
chr20	48884260
chr20	48884268
chr20	48884305
chr20	48884342
chr20	48922776
chr20	49029984
chr20	49067932
chr20	49095011
chr20	49242754
chr20	49252358
chr20	49258558
chr20	49262312
chr20	49262322
chr20	49262329
chr20	49307199
chr20	49307215
chr20	49307247
chr20	49307314
chr20	49307324
chr20	49307329
chr20	49307332
chr20	49307361
chr20	49307493
chr20	49307499
chr20	49307537
chr20	49307570
chr20	49307620
chr20	49307623
chr20	49307628
chr20	49307665
chr20	49307683
chr20	49307695
chr20	49307698
chr20	49307733
chr20	49307743
chr20	49307762
chr20	49307771
chr20	49307777
chr20	49307819
chr20	49307828
chr20	49307844
chr20	49307862
chr20	49307867
chr20	49307894
chr20	49307905
chr20	49307924
chr20	49308227
chr20	49308273
chr20	49308322
chr20	49308690
chr20	49308699
chr20	49308703
chr20	49308734
chr20	49308829
chr20	49308850
chr20	49308878
chr20	49308884
chr20	49335102
chr20	49384252
chr20	49384265
chr20	49384301
chr20	49410488
chr20	49410779
chr20	49410809
chr20	49410864
chr20	49410869
chr20	49410881
chr20	49410924
chr20	49410928
chr20	49410961
chr20	49410972
chr20	49410976
chr20	49411001
chr20	49411014
chr20	49411018
chr20	49411022
chr20	49411035
chr20	49411055
chr20	49411074
chr20	49411093
chr20	49411103
chr20	49411117
chr20	49411136
chr20	49411152
chr20	49411156
chr20	49411162
chr20	49411168
chr20	49411186
chr20	49411194
chr20	49486993
chr20	49636732
chr20	49638367
chr20	49640346
chr20	49640348
chr20	49640369
chr20	49640463
chr20	49640515
chr20	49640549
chr20	49708493
chr20	49708589
chr20	49708629
chr20	49708635
chr20	49838447
chr20	49838485
chr20	49838740
chr20	49838742
chr20	49838744
chr20	50003804
chr20	50040640
chr20	50214495
chr20	50327158
chr20	50327380
chr20	50327487
chr20	50327498
chr20	50723362
chr20	50927933
chr20	51779000
chr20	51779137
chr20	51833449
chr20	51833463
chr20	51833478
chr20	51899018
chr20	52029757
chr20	52029768
chr20	52029778
chr20	52029780
chr20	52029963
chr20	52120805
chr20	52212927
chr20	52213230
chr20	52274267
chr20	52328859
chr20	52445357
chr20	52482483
chr20	52483179
chr20	52557085
chr20	52557135
chr20	52558899
chr20	52789230
chr20	52789252
chr20	52789261
chr20	52789268
chr20	52789299
chr20	52789307
chr20	52789328
chr20	52789335
chr20	52789370
chr20	52789391
chr20	52789394
chr20	52789416
chr20	52789433
chr20	52789460
chr20	52789474
chr20	52789481
chr20	52789483
chr20	52789497
chr20	52789513
chr20	52789518
chr20	52789524
chr20	52789526
chr20	52789532
chr20	52789537
chr20	52789545
chr20	52789578
chr20	52789649
chr20	52789731
chr20	52789755
chr20	52789967
chr20	52790123
chr20	52790133
chr20	52790177
chr20	52790251
chr20	52790261
chr20	52790285
chr20	52790288
chr20	52790311
chr20	52790313
chr20	52791305
chr20	52791316
chr20	52791518
chr20	52791520
chr20	53095900
chr20	53095903
chr20	53127427
chr20	53127454
chr20	53278823
chr20	53278827
chr20	54578557
chr20	54578606
chr20	54578676
chr20	54578704
chr20	54578707
chr20	54578710
chr20	54578733
chr20	54578749
chr20	54578779
chr20	54578847
chr20	54578916
chr20	54578926
chr20	54578955
chr20	54578957
chr20	54579002
chr20	54579013
chr20	54579029
chr20	54579038
chr20	54579077
chr20	54579083
chr20	54579089
chr20	54579094
chr20	54579124
chr20	54579134
chr20	54579139
chr20	54579154
chr20	54579164
chr20	54579170
chr20	54579187
chr20	54579191
chr20	54579197
chr20	54579199
chr20	54579206
chr20	54579210
chr20	54579213
chr20	54579217
chr20	54579234
chr20	54579246
chr20	54579252
chr20	54579259
chr20	54579269
chr20	54579273
chr20	54579275
chr20	54579278
chr20	54579290
chr20	54579298
chr20	54579305
chr20	54579319
chr20	54579328
chr20	54579334
chr20	54579345
chr20	54579348
chr20	54579351
chr20	54579354
chr20	54579357
chr20	54579360
chr20	54579362
chr20	54579407
chr20	54579417
chr20	54579631
chr20	54579728
chr20	54579769
chr20	54579771
chr20	54579813
chr20	54579871
chr20	54579888
chr20	54579893
chr20	54579899
chr20	54579901
chr20	54579907
chr20	54579926
chr20	54579929
chr20	54579933
chr20	54579938
chr20	54579947
chr20	54579956
chr20	54579959
chr20	54579980
chr20	54579984
chr20	54579999
chr20	54580012
chr20	54580019
chr20	54580028
chr20	54580035
chr20	54580037
chr20	54580042
chr20	54580050
chr20	54580052
chr20	54580069
chr20	54580074
chr20	54580078
chr20	54580095
chr20	54580097
chr20	54580132
chr20	54580167
chr20	54580174
chr20	54580190
chr20	54580195
chr20	54580247
chr20	54580252
chr20	54580263
chr20	54580283
chr20	54580326
chr20	54580337
chr20	54580386
chr20	54580389
chr20	54580404
chr20	54580409
chr20	54580411
chr20	54580414
chr20	54580425
chr20	54580465
chr20	54580547
chr20	54580569
chr20	54580581
chr20	54580621
chr20	54580626
chr20	54580745
chr20	54580849
chr20	54580855
chr20	54919355
chr20	55286316
chr20	55287427
chr20	55287459
chr20	55287472
chr20	55287491
chr20	55290550
chr20	55310323
chr20	55310326
chr20	55310328
chr20	55310503
chr20	55310512
chr20	55310783
chr20	55310822
chr20	55311014
chr20	55311038
chr20	55383987
chr20	55405281
chr20	55434669
chr20	55531880
chr20	55547803
chr20	55548809
chr20	55549992
chr20	55588919
chr20	55588934
chr20	55588939
chr20	55588941
chr20	55588948
chr20	55588961
chr20	55588979
chr20	55589056
chr20	55589074
chr20	55589118
chr20	55597551
chr20	55646390
chr20	55646407
chr20	55646436
chr20	55646460
chr20	55646630
chr20	55646652
chr20	55646707
chr20	55665154
chr20	55834383
chr20	55834385
chr20	55834399
chr20	55834509
chr20	55836195
chr20	55836206
chr20	55836748
chr20	55836751
chr20	55836756
chr20	55837518
chr20	55837691
chr20	55837697
chr20	55837704
chr20	55837742
chr20	55837890
chr20	55838141
chr20	55839186
chr20	55839377
chr20	55839417
chr20	55839467
chr20	55839482
chr20	55839510
chr20	55839515
chr20	55839529
chr20	55842400
chr20	55842418
chr20	55844369
chr20	55844509
chr20	55904767
chr20	55904842
chr20	55904961
chr20	55905077
chr20	55905080
chr20	55923282
chr20	55923375
chr20	55923393
chr20	55923414
chr20	55923421
chr20	55923458
chr20	55923460
chr20	55923464
chr20	55923471
chr20	55923479
chr20	55923481
chr20	55923483
chr20	55923486
chr20	55923492
chr20	55923509
chr20	55923517
chr20	55923528
chr20	55923535
chr20	55923541
chr20	55923554
chr20	55923592
chr20	55923600
chr20	55923606
chr20	55923647
chr20	55923667
chr20	55923686
chr20	55923700
chr20	55923760
chr20	55923770
chr20	55923773
chr20	55923775
chr20	55923810
chr20	56004104
chr20	56044567
chr20	56045771
chr20	56148479
chr20	56148513
chr20	56259144
chr20	56259611
chr20	56410750
chr20	56410752
chr20	56410757
chr20	56410762
chr20	56410789
chr20	56410793
chr20	56410795
chr20	56411040
chr20	56574561
chr20	56574567
chr20	56574574
chr20	56574623
chr20	56725832
chr20	56725857
chr20	56725867
chr20	56725870
chr20	56725872
chr20	56725875
chr20	56725886
chr20	56725898
chr20	56725919
chr20	56725925
chr20	56725934
chr20	56725948
chr20	56725963
chr20	56725965
chr20	56725970
chr20	56725994
chr20	56725999
chr20	56726024
chr20	56726043
chr20	56726045
chr20	56726048
chr20	56726056
chr20	56726092
chr20	56750030
chr20	56754502
chr20	56811775
chr20	56811787
chr20	56811795
chr20	56811806
chr20	56811811
chr20	56811825
chr20	56811827
chr20	56811842
chr20	56811861
chr20	56811868
chr20	56811888
chr20	56811890
chr20	56811904
chr20	56883832
chr20	56884001
chr20	56884111
chr20	56904064
chr20	56941306
chr20	56947985
chr20	56948072
chr20	56950638
chr20	56950664
chr20	56950887
chr20	57042223
chr20	57042266
chr20	57042269
chr20	57042281
chr20	57042291
chr20	57042294
chr20	57042301
chr20	57042319
chr20	57042338
chr20	57042363
chr20	57042367
chr20	57042372
chr20	57042379
chr20	57042386
chr20	57042405
chr20	57042410
chr20	57042420
chr20	57042425
chr20	57042427
chr20	57042435
chr20	57042439
chr20	57042442
chr20	57042444
chr20	57042459
chr20	57042469
chr20	57042472
chr20	57042483
chr20	57042486
chr20	57042499
chr20	57042532
chr20	57042593
chr20	57042610
chr20	57089282
chr20	57090568
chr20	57328550
chr20	57328573
chr20	57328861
chr20	57427116
chr20	57427209
chr20	57427215
chr20	57427530
chr20	57430423
chr20	57452789
chr20	57452822
chr20	57457145
chr20	57457161
chr20	57457247
chr20	57457267
chr20	57457271
chr20	57618420
chr20	57797239
chr20	57797246
chr20	57844020
chr20	57875317
chr20	57875322
chr20	57875325
chr20	57875333
chr20	57875337
chr20	57875345
chr20	57875361
chr20	57875365
chr20	57875560
chr20	57875577
chr20	57875612
chr20	57875615
chr20	57875643
chr20	57875654
chr20	57875664
chr20	57875666
chr20	57875681
chr20	57875683
chr20	57875702
chr20	57875705
chr20	57875722
chr20	57875734
chr20	57875739
chr20	57875743
chr20	57875747
chr20	57875751
chr20	57875757
chr20	57875778
chr20	57875794
chr20	57875811
chr20	57875813
chr20	57875823
chr20	57875827
chr20	57875840
chr20	57875848
chr20	57875851
chr20	57875874
chr20	57875893
chr20	57875911
chr20	57875914
chr20	57875924
chr20	57875928
chr20	57875933
chr20	57875936
chr20	57875938
chr20	57875950
chr20	57875952
chr20	57875956
chr20	57875977
chr20	57875986
chr20	57875991
chr20	57875993
chr20	57876006
chr20	57876009
chr20	57876011
chr20	57876043
chr20	57876051
chr20	57876079
chr20	57876082
chr20	57876084
chr20	57876089
chr20	57876097
chr20	57876101
chr20	57876108
chr20	57876122
chr20	57876124
chr20	57876153
chr20	57876273
chr20	57977607
chr20	57977865
chr20	57977879
chr20	57977907
chr20	57977923
chr20	57978081
chr20	57978111
chr20	57978363
chr20	57978401
chr20	57978423
chr20	57978508
chr20	57978514
chr20	57978516
chr20	57978524
chr20	58101372
chr20	58101381
chr20	58101429
chr20	58101447
chr20	58147158
chr20	58147161
chr20	58147239
chr20	58147245
chr20	58147261
chr20	58147270
chr20	58147332
chr20	58147338
