chr20	60178
chr20	60425
chr20	60431
chr20	60550
chr20	60577
chr20	60721
chr20	60806
chr20	60962
chr20	61069
chr20	61181
chr20	61236
chr20	61505
chr20	61597
chr20	62469
chr20	63424
chr20	63436
chr20	63454
chr20	63458
chr20	63634
chr20	63699
chr20	63732
chr20	63787
chr20	64137
chr20	64242
chr20	64306
chr20	64313
chr20	64322
chr20	64376
chr20	64380
chr20	64431
chr20	64440
chr20	64463
chr20	64516
chr20	65200
chr20	65545
chr20	65627
chr20	65898
chr20	66092
chr20	66403
chr20	66517
chr20	66999
chr20	67058
chr20	67081
chr20	67094
chr20	67183
chr20	67273
chr20	67759
chr20	67764
chr20	67904
chr20	67936
chr20	68111
chr20	68169
chr20	68395
chr20	68719
chr20	68791
chr20	69089
chr20	69354
chr20	69407
chr20	69501
chr20	70426
chr20	70830
chr20	71076
chr20	71210
chr20	71279
chr20	71857
chr20	71991
chr20	72034
chr20	72367
chr20	72472
chr20	72547
chr20	72565
chr20	72902
chr20	73101
chr20	73115
chr20	73157
chr20	73252
chr20	73282
chr20	73508
chr20	73696
chr20	73759
chr20	73828
chr20	73855
chr20	73860
chr20	73900
chr20	73955
chr20	74137
chr20	74920
chr20	74968
chr20	75042
chr20	75045
chr20	75526
chr20	75881
chr20	76042
chr20	76081
chr20	76249
chr20	76386
chr20	76417
chr20	76698
chr20	76782
chr20	76785
chr20	76976
chr20	77012
chr20	77308
chr20	77391
chr20	77468
chr20	77580
chr20	77870
chr20	77938
chr20	78000
chr20	78030
chr20	78062
chr20	78086
chr20	78181
chr20	78206
chr20	78255
chr20	78357
chr20	78380
chr20	78453
chr20	78513
chr20	78564
chr20	78731
chr20	78839
chr20	79043
chr20	79187
chr20	79457
chr20	79796
chr20	80077
chr20	80110
chr20	80193
chr20	80837
chr20	81964
chr20	81986
chr20	81994
chr20	82018
chr20	82026
chr20	82074
chr20	82077
chr20	82086
chr20	82114
chr20	82159
chr20	82166
chr20	82213
chr20	82219
chr20	83970
chr20	84114
chr20	84122
chr20	84204
chr20	84330
chr20	84429
chr20	84664
chr20	84946
chr20	85500
chr20	86113
chr20	86508
chr20	86783
chr20	86867
chr20	88071
chr20	88122
chr20	88160
chr20	88184
chr20	89031
chr20	89194
chr20	89347
chr20	89802
chr20	90188
chr20	90405
chr20	90540
chr20	90699
chr20	91512
chr20	91631
chr20	91653
chr20	92024
chr20	92351
chr20	92483
chr20	92684
chr20	93712
chr20	93892
chr20	93936
chr20	93941
chr20	93996
chr20	94552
chr20	94702
chr20	95346
chr20	95456
chr20	95592
chr20	95607
chr20	95626
chr20	95654
chr20	95732
chr20	95740
chr20	95874
chr20	95902
chr20	96045
chr20	96133
chr20	96165
chr20	96465
chr20	96481
chr20	96806
chr20	96815
chr20	97105
chr20	97154
chr20	97787
chr20	98740
chr20	99239
chr20	99418
chr20	99724
chr20	100034
chr20	100224
chr20	100357
chr20	100644
chr20	101394
chr20	102146
chr20	102217
chr20	102398
chr20	102481
chr20	102509
chr20	103348
chr20	104666
chr20	104814
chr20	105893
chr20	105994
chr20	106047
chr20	106633
chr20	106816
chr20	106919
chr20	106944
chr20	106987
chr20	106989
chr20	107115
chr20	107199
chr20	107535
chr20	107628
chr20	107676
chr20	107706
chr20	107738
chr20	107760
chr20	107762
chr20	107774
chr20	107802
chr20	107847
chr20	107863
chr20	107903
chr20	108232
chr20	108793
chr20	108919
chr20	109001
chr20	110171
chr20	110191
chr20	110410
chr20	110625
chr20	110641
chr20	110658
chr20	110671
chr20	110674
chr20	110701
chr20	110736
chr20	110752
chr20	110754
chr20	110759
chr20	110765
chr20	110769
chr20	110771
chr20	110776
chr20	110786
chr20	110810
chr20	110836
chr20	110856
chr20	110874
chr20	110889
chr20	110898
chr20	110910
chr20	110922
chr20	110925
chr20	110932
chr20	110945
chr20	110956
chr20	110968
chr20	110974
chr20	110982
chr20	111023
chr20	111029
chr20	111046
chr20	111050
chr20	111256
chr20	111319
chr20	111372
chr20	111453
chr20	111536
chr20	111985
chr20	112013
chr20	112092
chr20	112118
chr20	112136
chr20	112225
chr20	112262
chr20	112271
chr20	112469
chr20	112502
chr20	112535
chr20	112564
chr20	112730
chr20	112872
chr20	113457
chr20	113846
chr20	115152
chr20	115157
chr20	115312
chr20	115491
chr20	116183
chr20	116363
chr20	116386
chr20	116526
chr20	116543
chr20	116752
chr20	116793
chr20	116855
chr20	116953
chr20	116967
chr20	116974
chr20	116996
chr20	117011
chr20	117023
chr20	117346
chr20	117539
chr20	117891
chr20	118102
chr20	118114
chr20	118125
chr20	118240
chr20	118327
chr20	118332
chr20	118393
chr20	118533
chr20	118592
chr20	118613
chr20	118624
chr20	118639
chr20	118736
chr20	118962
chr20	119087
chr20	119712
chr20	119718
chr20	119806
chr20	120542
chr20	120971
chr20	121286
chr20	121926
chr20	121974
chr20	122060
chr20	122628
chr20	123162
chr20	123521
chr20	123612
chr20	123664
chr20	124058
chr20	124525
chr20	124568
chr20	124663
chr20	124851
chr20	125010
chr20	125270
chr20	126083
chr20	126086
chr20	126152
chr20	126189
chr20	126289
chr20	126298
chr20	126314
chr20	126367
chr20	126480
chr20	126820
chr20	126913
chr20	127177
chr20	127311
chr20	127381
chr20	127735
chr20	127886
chr20	127951
chr20	128307
chr20	128672
chr20	128907
chr20	129074
chr20	129142
chr20	129151
chr20	129502
chr20	129589
chr20	129624
chr20	129690
chr20	129712
chr20	129759
chr20	129781
chr20	129828
chr20	129850
chr20	129860
chr20	129863
chr20	129905
chr20	130132
chr20	130191
chr20	130240
chr20	130487
chr20	130644
chr20	130971
chr20	130974
chr20	131002
chr20	131230
chr20	131236
chr20	131330
chr20	131361
chr20	131465
chr20	132195
chr20	132205
chr20	132940
chr20	133233
chr20	133264
chr20	133374
chr20	133378
chr20	133420
chr20	133483
chr20	133543
chr20	133574
chr20	133776
chr20	134080
chr20	134171
chr20	134316
chr20	134702
chr20	135345
chr20	135595
chr20	135804
chr20	136011
chr20	136741
chr20	136875
chr20	137116
chr20	137759
chr20	137859
chr20	137870
chr20	137876
chr20	137935
chr20	137947
chr20	139267
chr20	139360
chr20	139418
chr20	139575
chr20	139679
chr20	139772
chr20	140279
chr20	140328
chr20	140921
chr20	141072
chr20	141217
chr20	141512
chr20	141740
chr20	142082
chr20	142210
chr20	142215
chr20	142370
chr20	142373
chr20	142550
chr20	142754
chr20	142766
chr20	143121
chr20	143229
chr20	143242
chr20	143582
chr20	143721
chr20	143753
chr20	144152
chr20	144619
chr20	144682
chr20	145155
chr20	145315
chr20	145420
chr20	145491
chr20	145882
chr20	147220
chr20	147387
chr20	147495
chr20	147705
chr20	147743
chr20	147807
chr20	147843
chr20	147914
chr20	148497
chr20	149026
chr20	149390
chr20	149553
chr20	149797
chr20	150126
chr20	150130
chr20	150279
chr20	151105
chr20	151589
chr20	151956
chr20	152189
chr20	152343
chr20	152349
chr20	152357
chr20	152389
chr20	152445
chr20	152479
chr20	152510
chr20	152524
chr20	152531
chr20	152540
chr20	152568
chr20	152580
chr20	152621
chr20	152779
chr20	152795
chr20	152842
chr20	152914
chr20	152945
chr20	153005
chr20	153021
chr20	153098
chr20	153284
chr20	153428
chr20	153468
chr20	153736
chr20	153773
chr20	153851
chr20	153855
chr20	153857
chr20	153875
chr20	153882
chr20	153956
chr20	154018
chr20	154083
chr20	154149
chr20	154160
chr20	154176
chr20	154179
chr20	154188
chr20	154229
chr20	154286
chr20	154322
chr20	154525
chr20	154546
chr20	154634
chr20	154638
chr20	154708
chr20	154786
chr20	154836
chr20	154844
chr20	155013
chr20	155036
chr20	155091
chr20	155144
chr20	155184
chr20	155252
chr20	155376
chr20	155385
chr20	155428
chr20	155448
chr20	155524
chr20	155619
chr20	155731
chr20	155878
chr20	155982
chr20	156049
chr20	156172
chr20	156234
chr20	156304
chr20	156346
chr20	156352
chr20	156516
chr20	156523
chr20	156530
chr20	156533
chr20	156727
chr20	156737
chr20	156793
chr20	156800
chr20	156884
chr20	157286
chr20	157314
chr20	157511
chr20	157521
chr20	157610
chr20	157629
chr20	157674
chr20	157950
chr20	158112
chr20	158240
chr20	158263
chr20	158274
chr20	158312
chr20	158380
chr20	158496
chr20	158683
chr20	158784
chr20	158814
chr20	158983
chr20	159062
chr20	159076
chr20	159407
chr20	159418
chr20	159866
chr20	159948
chr20	160175
chr20	160269
chr20	160301
chr20	160402
chr20	161456
chr20	161735
chr20	161914
chr20	162631
chr20	162682
chr20	163454
chr20	163621
chr20	163760
chr20	163840
chr20	164070
chr20	164103
chr20	164469
chr20	165123
chr20	165283
chr20	165830
chr20	166016
chr20	166349
chr20	166822
chr20	166959
chr20	167393
chr20	167429
chr20	167578
chr20	167759
chr20	167772
chr20	167846
chr20	167944
chr20	168028
chr20	168503
chr20	168756
chr20	168795
chr20	169130
chr20	169232
chr20	169682
chr20	169699
chr20	169819
chr20	170363
chr20	170367
chr20	170419
chr20	170510
chr20	170540
chr20	170580
chr20	170640
chr20	170699
chr20	171180
chr20	171402
chr20	171408
chr20	171413
chr20	171571
chr20	171589
chr20	171625
chr20	171705
chr20	171708
chr20	171712
chr20	171787
chr20	171822
chr20	171837
chr20	171857
chr20	172392
chr20	172698
chr20	172789
chr20	172887
chr20	173067
chr20	173101
chr20	173125
chr20	173355
chr20	173394
chr20	173567
chr20	173617
chr20	173749
chr20	173772
chr20	173898
chr20	173924
chr20	173975
chr20	174169
chr20	174237
chr20	174283
chr20	174450
chr20	174480
chr20	174533
chr20	174635
chr20	174744
chr20	174773
chr20	174809
chr20	175083
chr20	175323
chr20	175327
chr20	175385
chr20	175442
chr20	175532
chr20	175853
chr20	176105
chr20	176385
chr20	176605
chr20	176671
chr20	176782
chr20	176847
chr20	176888
chr20	176959
chr20	177075
chr20	177215
chr20	177240
chr20	177843
chr20	177945
chr20	178032
chr20	178036
chr20	178298
chr20	178560
chr20	178568
chr20	178671
chr20	178727
chr20	179098
chr20	179340
chr20	179398
chr20	179416
chr20	179511
chr20	179575
chr20	180187
chr20	180381
chr20	180585
chr20	180671
chr20	180803
chr20	180882
chr20	180991
chr20	181338
chr20	181484
chr20	181698
chr20	181836
chr20	181889
chr20	182072
chr20	182079
chr20	182314
chr20	182357
chr20	182361
chr20	182407
chr20	182442
chr20	183113
chr20	183270
chr20	183464
chr20	184219
chr20	184230
chr20	184294
chr20	184388
chr20	184418
chr20	184541
chr20	184828
chr20	184861
chr20	184894
chr20	185021
chr20	185026
chr20	185065
chr20	185389
chr20	185433
chr20	186231
chr20	186540
chr20	186596
chr20	186661
chr20	186675
chr20	186715
chr20	187055
chr20	187244
chr20	187367
chr20	187372
chr20	187383
chr20	187504
chr20	187737
chr20	187744
chr20	188199
chr20	188365
chr20	188830
chr20	189265
chr20	189507
chr20	189656
chr20	189671
chr20	189866
chr20	189888
chr20	189956
chr20	190364
chr20	190392
chr20	190527
chr20	190776
chr20	190954
chr20	191014
chr20	191032
chr20	191076
chr20	191275
chr20	191571
chr20	191622
chr20	191737
chr20	191795
chr20	191808
chr20	191897
chr20	191988
chr20	192189
chr20	192253
chr20	192499
chr20	192714
chr20	192942
chr20	193498
chr20	193606
chr20	193613
chr20	193797
chr20	193842
chr20	193862
chr20	193887
chr20	194122
chr20	194203
chr20	194303
chr20	194319
chr20	194352
chr20	194534
chr20	194571
chr20	194623
chr20	195214
chr20	195309
chr20	195422
chr20	195491
chr20	195518
chr20	195525
chr20	195662
chr20	195670
chr20	195726
chr20	195750
chr20	195758
chr20	195768
chr20	195948
chr20	196119
chr20	196616
chr20	197673
chr20	197702
chr20	197784
chr20	197803
chr20	197868
chr20	198104
chr20	198460
chr20	198540
chr20	199036
chr20	199112
chr20	199157
chr20	199187
chr20	199263
chr20	199325
chr20	199859
chr20	200335
chr20	200819
chr20	200874
chr20	201520
chr20	201603
chr20	202213
chr20	202513
chr20	202520
chr20	203012
chr20	203526
chr20	203786
chr20	204220
chr20	204632
chr20	204693
chr20	205201
chr20	205487
chr20	205995
chr20	206244
chr20	206401
chr20	206601
chr20	206700
chr20	206734
chr20	207045
chr20	207047
chr20	207143
chr20	207160
chr20	207337
chr20	207355
chr20	207365
chr20	207412
chr20	207466
chr20	207574
chr20	207591
chr20	207599
chr20	207802
chr20	207857
chr20	208377
chr20	208434
chr20	208683
chr20	208868
chr20	209082
chr20	209231
chr20	209283
chr20	209675
chr20	209756
chr20	209935
chr20	210093
chr20	210335
chr20	210648
chr20	210858
chr20	210873
chr20	210942
chr20	210982
chr20	210994
chr20	211038
chr20	211069
chr20	211083
chr20	211090
chr20	211099
chr20	211508
chr20	211826
chr20	211885
chr20	212391
chr20	212403
chr20	212430
chr20	212435
chr20	212439
chr20	212460
chr20	212480
chr20	212491
chr20	212526
chr20	212530
chr20	212538
chr20	212542
chr20	212586
chr20	212588
chr20	212594
chr20	212601
chr20	212618
chr20	212648
chr20	212801
chr20	212809
chr20	212888
chr20	213304
chr20	213319
chr20	213560
chr20	213779
chr20	213832
chr20	213841
chr20	213876
chr20	214077
chr20	214190
chr20	214222
chr20	214293
chr20	214356
chr20	214373
chr20	214755
chr20	214816
chr20	214863
chr20	214879
chr20	214974
chr20	215032
chr20	215081
chr20	215207
chr20	215236
chr20	215265
chr20	215271
chr20	215295
chr20	215299
chr20	215312
chr20	215349
chr20	215371
chr20	215375
chr20	215478
chr20	215517
chr20	215572
chr20	215589
chr20	215784
chr20	215840
chr20	215862
chr20	215896
chr20	215925
chr20	215956
chr20	215994
chr20	215997
chr20	216001
chr20	216059
chr20	216220
chr20	216231
chr20	216306
chr20	216338
chr20	216348
chr20	216878
chr20	217074
chr20	217216
chr20	217279
chr20	217401
chr20	217664
chr20	217672
chr20	217689
chr20	217706
chr20	217728
chr20	217883
chr20	217885
chr20	217893
chr20	217899
chr20	217967
chr20	218046
chr20	218322
chr20	218414
chr20	218462
chr20	218517
chr20	218733
chr20	218954
chr20	218964
chr20	219210
chr20	219247
chr20	219309
chr20	219351
chr20	219395
chr20	219412
chr20	219508
chr20	219589
chr20	219670
chr20	219706
chr20	219717
chr20	219754
chr20	219934
chr20	219944
chr20	220020
chr20	220028
chr20	220058
chr20	220308
chr20	220442
chr20	220447
chr20	220498
chr20	220512
chr20	220672
chr20	220710
chr20	220756
chr20	220863
chr20	221535
chr20	221545
chr20	221940
chr20	222552
chr20	222860
chr20	223267
chr20	223814
chr20	223836
chr20	224029
chr20	224172
chr20	224216
chr20	224302
chr20	224310
chr20	224391
chr20	224399
chr20	224599
chr20	224627
chr20	224915
chr20	225061
chr20	225302
chr20	225365
chr20	225783
chr20	225785
chr20	225791
chr20	225825
chr20	225847
chr20	225979
chr20	226019
chr20	226257
chr20	226513
chr20	226633
chr20	226661
chr20	226862
chr20	226865
chr20	227318
chr20	227343
chr20	227381
chr20	227419
chr20	227428
chr20	227538
chr20	227562
chr20	227683
chr20	227965
chr20	228350
chr20	228932
chr20	229043
chr20	229103
chr20	229120
chr20	229201
chr20	229209
chr20	229241
chr20	229312
chr20	229454
chr20	229499
chr20	229526
chr20	229557
chr20	229621
chr20	229677
chr20	229779
chr20	229783
chr20	229785
chr20	229828
chr20	229886
chr20	229928
chr20	229972
chr20	230006
chr20	230416
chr20	230443
chr20	230546
chr20	230611
chr20	230628
chr20	230657
chr20	230694
chr20	230758
chr20	230847
chr20	230858
chr20	230982
chr20	231185
chr20	231222
chr20	231503
chr20	231513
chr20	231562
chr20	231778
chr20	231920
chr20	231927
chr20	231969
chr20	232012
chr20	232288
chr20	232729
chr20	232791
chr20	232980
chr20	233009
chr20	233433
chr20	233608
chr20	233791
chr20	233979
chr20	234063
chr20	234090
chr20	234159
chr20	234206
chr20	234295
chr20	234297
chr20	234309
chr20	234669
chr20	234694
chr20	234701
chr20	234709
chr20	234733
chr20	234753
chr20	234757
chr20	234765
chr20	234769
chr20	234829
chr20	234850
chr20	234854
chr20	234887
chr20	235339
chr20	235444
chr20	235516
chr20	235720
chr20	235725
chr20	235768
chr20	235854
chr20	235866
chr20	235912
chr20	236065
chr20	236211
chr20	236271
chr20	236615
chr20	236801
chr20	236823
chr20	237001
chr20	237252
chr20	237299
chr20	237405
chr20	237932
chr20	238087
chr20	238135
chr20	238155
chr20	238165
chr20	238168
chr20	238216
chr20	238451
chr20	238514
chr20	238821
chr20	239066
chr20	239103
chr20	239223
chr20	239409
chr20	239517
chr20	239649
chr20	239655
chr20	239808
chr20	239846
chr20	239871
chr20	239930
chr20	239934
chr20	239960
chr20	240135
chr20	240158
chr20	240307
chr20	240320
chr20	240444
chr20	240626
chr20	240796
chr20	241210
chr20	241246
chr20	241305
chr20	241629
chr20	241791
chr20	241880
chr20	241893
chr20	241913
chr20	241936
chr20	241967
chr20	241997
chr20	242009
chr20	242015
chr20	242043
chr20	242074
chr20	242097
chr20	242101
chr20	242230
chr20	242444
chr20	242563
chr20	242567
chr20	242569
chr20	242607
chr20	242623
chr20	242657
chr20	242668
chr20	242697
chr20	242713
chr20	242733
chr20	242757
chr20	242795
chr20	242797
chr20	242819
chr20	242827
chr20	243054
chr20	243086
chr20	243191
chr20	243277
chr20	243350
chr20	243746
chr20	243942
chr20	243957
chr20	243972
chr20	244015
chr20	244145
chr20	244170
chr20	244226
chr20	244372
chr20	244385
chr20	244454
chr20	244471
chr20	244557
chr20	244571
chr20	244578
chr20	244644
chr20	244678
chr20	244683
chr20	244700
chr20	244710
chr20	244728
chr20	244750
chr20	244912
chr20	244931
chr20	245256
chr20	245264
chr20	245510
chr20	245689
chr20	245729
chr20	245735
chr20	245752
chr20	245814
chr20	245886
chr20	245910
chr20	245953
chr20	245955
chr20	246254
chr20	246260
chr20	246330
chr20	246391
chr20	246624
chr20	246689
chr20	246753
chr20	246776
chr20	246781
chr20	246818
chr20	246946
chr20	246984
chr20	247028
chr20	247065
chr20	247077
chr20	247089
chr20	247093
chr20	247124
chr20	247405
chr20	247413
chr20	247419
chr20	247460
chr20	247475
chr20	247479
chr20	247499
chr20	247501
chr20	247547
chr20	247575
chr20	247577
chr20	247598
chr20	247605
chr20	247607
chr20	247635
chr20	247671
chr20	247681
chr20	247690
chr20	247699
chr20	247706
chr20	247715
chr20	247722
chr20	247727
chr20	247737
chr20	247742
chr20	247749
chr20	247755
chr20	247785
chr20	247795
chr20	247805
chr20	247814
chr20	247816
chr20	247828
chr20	247832
chr20	247834
chr20	247845
chr20	247849
chr20	247900
chr20	247956
chr20	248007
chr20	248109
chr20	248119
chr20	248171
chr20	248229
chr20	248322
chr20	248384
chr20	248426
chr20	248456
chr20	248472
chr20	248505
chr20	248563
chr20	248602
chr20	248648
chr20	248658
chr20	248711
chr20	248727
chr20	248814
chr20	248818
chr20	248820
chr20	248869
chr20	248885
chr20	248891
chr20	248908
chr20	248917
chr20	249076
chr20	249091
chr20	249144
chr20	249164
chr20	249193
chr20	249220
chr20	249334
chr20	249408
chr20	249578
chr20	249610
chr20	249616
chr20	249633
chr20	249842
chr20	250090
chr20	250192
chr20	250236
chr20	250262
chr20	250279
chr20	250293
chr20	250348
chr20	250484
chr20	250547
chr20	250579
chr20	250607
chr20	251253
chr20	251421
chr20	251438
chr20	251445
chr20	251768
chr20	251828
chr20	251951
chr20	252001
chr20	253041
chr20	253104
chr20	253142
chr20	253215
chr20	253233
chr20	253340
chr20	253759
chr20	253763
chr20	253771
chr20	253879
chr20	254062
chr20	254114
chr20	254206
chr20	254344
chr20	254409
chr20	254763
chr20	254765
chr20	254880
chr20	255036
chr20	255077
chr20	255100
chr20	255268
chr20	255275
chr20	255293
chr20	255490
chr20	255528
chr20	255536
chr20	255545
chr20	255583
chr20	255607
chr20	255692
chr20	255702
chr20	255736
chr20	255843
chr20	255880
chr20	255962
chr20	255969
chr20	256027
chr20	256148
chr20	256486
chr20	256555
chr20	256617
chr20	256647
chr20	256656
chr20	256684
chr20	256802
chr20	256890
chr20	256975
chr20	257155
chr20	257255
chr20	257293
chr20	257336
chr20	257373
chr20	257428
chr20	257509
chr20	257585
chr20	257630
chr20	257656
chr20	257684
chr20	257757
chr20	257767
chr20	257897
chr20	258292
chr20	258676
chr20	258782
chr20	258823
chr20	259060
chr20	259073
chr20	259122
chr20	259194
chr20	259255
chr20	259269
chr20	259305
chr20	259315
chr20	259336
chr20	259355
chr20	259370
chr20	259386
chr20	259415
chr20	259432
chr20	259434
chr20	259454
chr20	260333
chr20	260337
chr20	260349
chr20	260387
chr20	260393
chr20	260407
chr20	260438
chr20	260466
chr20	260470
chr20	260478
chr20	260480
chr20	260524
chr20	260541
chr20	260557
chr20	260565
chr20	260587
chr20	260631
chr20	260661
chr20	260665
chr20	260710
chr20	260722
chr20	260731
chr20	260733
chr20	260806
chr20	261274
chr20	261330
chr20	261493
chr20	261522
chr20	261532
chr20	261554
chr20	261649
chr20	261728
chr20	261770
chr20	261847
chr20	261928
chr20	262138
chr20	262154
chr20	262258
chr20	262340
chr20	262451
chr20	262499
chr20	262531
chr20	262571
chr20	262593
chr20	262841
chr20	262877
chr20	263162
chr20	263238
chr20	263281
chr20	263372
chr20	263384
chr20	263493
chr20	263843
chr20	263871
chr20	264047
chr20	264068
chr20	264090
chr20	264132
chr20	264145
chr20	264163
chr20	264239
chr20	264282
chr20	264350
chr20	264429
chr20	264442
chr20	264470
chr20	264558
chr20	264649
chr20	264678
chr20	264699
chr20	264763
chr20	264786
chr20	264862
chr20	264995
chr20	265025
chr20	265226
chr20	265233
chr20	265266
chr20	265270
chr20	265369
chr20	265411
chr20	265421
chr20	265428
chr20	265445
chr20	265453
chr20	265557
chr20	265599
chr20	265629
chr20	265782
chr20	265799
chr20	265913
chr20	265935
chr20	266128
chr20	266257
chr20	266282
chr20	266290
chr20	266370
chr20	266412
chr20	266503
chr20	266505
chr20	266509
chr20	266622
chr20	266869
chr20	266882
chr20	266894
chr20	266968
chr20	267029
chr20	267332
chr20	267414
chr20	267648
chr20	267665
chr20	267747
chr20	267839
chr20	267932
chr20	267944
chr20	267999
chr20	268339
chr20	268366
chr20	268421
chr20	268441
chr20	268463
chr20	268473
chr20	268503
chr20	269641
chr20	269689
chr20	270192
chr20	270478
chr20	270629
chr20	270773
chr20	270790
chr20	270809
chr20	270811
chr20	270822
chr20	270826
chr20	270861
chr20	270899
chr20	271014
chr20	271033
chr20	271055
chr20	271070
chr20	271072
chr20	271083
chr20	271103
chr20	271114
chr20	271129
chr20	271135
chr20	271141
chr20	271146
chr20	271152
chr20	271160
chr20	271163
chr20	271177
chr20	271183
chr20	271190
chr20	271245
chr20	271274
chr20	271311
chr20	271344
chr20	271346
chr20	271348
chr20	271374
chr20	271381
chr20	271390
chr20	271396
chr20	271401
chr20	271416
chr20	271418
chr20	271421
chr20	271424
chr20	271431
chr20	271435
chr20	271473
chr20	271478
chr20	271577
chr20	271671
chr20	271690
chr20	271698
chr20	271740
chr20	271757
chr20	271778
chr20	271792
chr20	271840
chr20	271882
chr20	271888
chr20	271944
chr20	271980
chr20	272177
chr20	272451
chr20	272476
chr20	272580
chr20	272673
chr20	272807
chr20	272846
chr20	273163
chr20	273169
chr20	273179
chr20	273207
chr20	273239
chr20	273306
chr20	273314
chr20	273402
chr20	273527
chr20	273843
chr20	273845
chr20	274006
chr20	274017
chr20	274210
chr20	274385
chr20	274481
chr20	274741
chr20	274804
chr20	274836
chr20	274860
chr20	274872
chr20	274899
chr20	274930
chr20	274953
chr20	274957
chr20	275000
chr20	275193
chr20	275388
chr20	275485
chr20	275515
chr20	275583
chr20	275600
chr20	275853
chr20	275944
chr20	276051
chr20	276065
chr20	276132
chr20	276263
chr20	276302
chr20	276398
chr20	276551
chr20	276800
chr20	276812
chr20	276820
chr20	276887
chr20	276992
chr20	276995
chr20	277031
chr20	277035
chr20	277039
chr20	277041
chr20	277051
chr20	277079
chr20	277084
chr20	277088
chr20	277094
chr20	277108
chr20	277128
chr20	277139
chr20	277172
chr20	277180
chr20	277184
chr20	277212
chr20	277228
chr20	277236
chr20	277243
chr20	277260
chr20	277290
chr20	277306
chr20	277349
chr20	277370
chr20	277515
chr20	277518
chr20	277589
chr20	277601
chr20	277606
chr20	277702
chr20	277705
chr20	277722
chr20	277747
chr20	277831
chr20	277838
chr20	277843
chr20	277861
chr20	277887
chr20	277890
chr20	277897
chr20	277903
chr20	277908
chr20	277919
chr20	277925
chr20	277931
chr20	277947
chr20	277949
chr20	277964
chr20	277970
chr20	277974
chr20	277984
chr20	277989
chr20	277993
chr20	278010
chr20	278014
chr20	278020
chr20	278036
chr20	278045
chr20	278053
chr20	278056
chr20	278070
chr20	278073
chr20	278094
chr20	278096
chr20	278099
chr20	278112
chr20	278155
chr20	278158
chr20	278162
chr20	278166
chr20	278168
chr20	278170
chr20	278172
chr20	278179
chr20	278192
chr20	278198
chr20	278235
chr20	278238
chr20	278241
chr20	278244
chr20	278246
chr20	278263
chr20	278269
chr20	278273
chr20	278289
chr20	278291
chr20	278293
chr20	278298
chr20	278300
chr20	278305
chr20	278310
chr20	278319
chr20	278322
chr20	278325
chr20	278329
chr20	278331
chr20	278370
chr20	278382
chr20	278389
chr20	278391
chr20	278396
chr20	278398
chr20	278402
chr20	278405
chr20	278407
chr20	278410
chr20	278424
chr20	278427
chr20	278430
chr20	278442
chr20	278445
chr20	278451
chr20	278454
chr20	278460
chr20	278462
chr20	278471
chr20	278474
chr20	278477
chr20	278484
chr20	278487
chr20	278498
chr20	278506
chr20	278508
chr20	278516
chr20	278524
chr20	278527
chr20	278537
chr20	278541
chr20	278544
chr20	278549
chr20	278560
chr20	278574
chr20	278579
chr20	278585
chr20	278604
chr20	278609
chr20	278612
chr20	278615
chr20	278619
chr20	278627
chr20	278633
chr20	278643
chr20	278765
chr20	278770
chr20	278778
chr20	278789
chr20	278800
chr20	278808
chr20	278819
chr20	278823
chr20	278832
chr20	278834
chr20	278849
chr20	278857
chr20	278859
chr20	278865
chr20	278868
chr20	278878
chr20	278885
chr20	278908
chr20	278910
chr20	278916
chr20	278926
chr20	278968
chr20	278990
chr20	279007
chr20	279012
chr20	279017
chr20	279024
chr20	279052
chr20	279060
chr20	279063
chr20	279072
chr20	279077
chr20	279090
chr20	279111
chr20	279126
chr20	279132
chr20	279139
chr20	279153
chr20	279250
chr20	279264
chr20	279275
chr20	279297
chr20	279328
chr20	279339
chr20	279361
chr20	279369
chr20	279405
chr20	279423
chr20	279426
chr20	279432
chr20	279447
chr20	279524
chr20	279584
chr20	279975
chr20	280300
chr20	280473
chr20	280478
chr20	280508
chr20	280664
chr20	280790
chr20	281019
chr20	281108
chr20	281116
chr20	281152
chr20	281346
chr20	281366
chr20	281368
chr20	281370
chr20	281439
chr20	281613
chr20	281781
chr20	281793
chr20	281866
chr20	282141
chr20	282194
chr20	282405
chr20	282415
chr20	282459
chr20	282469
chr20	282473
chr20	282532
chr20	282592
chr20	282602
chr20	282667
chr20	282775
chr20	282781
chr20	282823
chr20	282826
chr20	282867
chr20	282941
chr20	282969
chr20	283048
chr20	283169
chr20	283594
chr20	283730
chr20	283828
chr20	283873
chr20	284016
chr20	284071
chr20	284215
chr20	284290
chr20	284324
chr20	284589
chr20	284759
chr20	284872
chr20	284876
chr20	284878
chr20	284916
chr20	284921
chr20	284925
chr20	284977
chr20	285010
chr20	285022
chr20	285042
chr20	285066
chr20	285081
chr20	285296
chr20	285321
chr20	285366
chr20	285456
chr20	285580
chr20	285598
chr20	285801
chr20	285909
chr20	285915
chr20	285970
chr20	286006
chr20	286014
chr20	286017
chr20	286026
chr20	286031
chr20	286067
chr20	286104
chr20	286371
chr20	286427
chr20	286435
chr20	286485
chr20	286522
chr20	286532
chr20	286553
chr20	286585
chr20	286625
chr20	286679
chr20	286709
chr20	286729
chr20	286938
chr20	286945
chr20	287081
chr20	287127
chr20	287151
chr20	287244
chr20	287252
chr20	287256
chr20	287296
chr20	287330
chr20	287337
chr20	287346
chr20	287374
chr20	287794
chr20	288012
chr20	288178
chr20	288240
chr20	288371
chr20	288458
chr20	288489
chr20	288672
chr20	288697
chr20	288763
chr20	288940
chr20	288944
chr20	288978
chr20	289081
chr20	289190
chr20	289351
chr20	289472
chr20	289537
chr20	289598
chr20	290238
chr20	290295
chr20	290366
chr20	290400
chr20	290409
chr20	290466
chr20	290536
chr20	290558
chr20	290571
chr20	290609
chr20	290684
chr20	290695
chr20	290944
chr20	290952
chr20	291100
chr20	291104
chr20	291107
chr20	291135
chr20	291150
chr20	291154
chr20	291194
chr20	291210
chr20	291220
chr20	291232
chr20	291271
chr20	291292
chr20	291314
chr20	291319
chr20	291340
chr20	291358
chr20	291487
chr20	291668
chr20	291818
chr20	291825
chr20	291880
chr20	291959
chr20	292021
chr20	292051
chr20	292053
chr20	292059
chr20	292076
chr20	292093
chr20	292187
chr20	292243
chr20	292327
chr20	292340
chr20	292395
chr20	292407
chr20	292437
chr20	292477
chr20	292556
chr20	292779
chr20	292790
chr20	292830
chr20	292836
chr20	292889
chr20	292924
chr20	293139
chr20	293216
chr20	293417
chr20	293469
chr20	293711
chr20	293971
chr20	294062
chr20	294161
chr20	294206
chr20	294245
chr20	294292
chr20	294488
chr20	294513
chr20	294568
chr20	294991
chr20	295044
chr20	295086
chr20	295120
chr20	295164
chr20	295237
chr20	295251
chr20	295262
chr20	295267
chr20	295305
chr20	295904
chr20	295992
chr20	296031
chr20	296074
chr20	296124
chr20	296295
chr20	296406
chr20	296421
chr20	296452
chr20	296485
chr20	296521
chr20	296531
chr20	296535
chr20	296574
chr20	296858
chr20	296884
chr20	296889
chr20	297610
chr20	297681
chr20	297789
chr20	297893
chr20	297904
chr20	297937
chr20	297944
chr20	297982
chr20	297991
chr20	298190
chr20	298206
chr20	298226
chr20	298264
chr20	298317
chr20	298323
chr20	298333
chr20	298391
chr20	298411
chr20	298458
chr20	298470
chr20	298474
chr20	298494
chr20	298526
chr20	298550
chr20	298588
chr20	298596
chr20	298634
chr20	298680
chr20	298722
chr20	298743
chr20	298751
chr20	298888
chr20	298920
chr20	298982
chr20	298994
chr20	299070
chr20	299078
chr20	299117
chr20	299162
chr20	299175
chr20	299185
chr20	299372
chr20	299401
chr20	299408
chr20	299464
chr20	299466
chr20	299697
chr20	299705
chr20	299713
chr20	299741
chr20	299745
chr20	299757
chr20	299799
chr20	299807
chr20	299825
chr20	299839
chr20	299841
chr20	299879
chr20	299884
chr20	299969
chr20	299980
chr20	300005
chr20	300009
chr20	300049
chr20	300054
chr20	300058
chr20	300081
chr20	300104
chr20	300112
chr20	300144
chr20	300154
chr20	300198
chr20	300240
chr20	300480
chr20	300619
chr20	300623
chr20	300627
chr20	300651
chr20	300672
chr20	300676
chr20	300683
chr20	300707
chr20	300727
chr20	300755
chr20	300823
chr20	300853
chr20	301179
chr20	301219
chr20	301302
chr20	301377
chr20	301411
chr20	301624
chr20	301628
chr20	301677
chr20	301718
chr20	301766
chr20	301778
chr20	301822
chr20	301830
chr20	301837
chr20	301854
chr20	301862
chr20	301868
chr20	302037
chr20	302132
chr20	302164
chr20	302169
chr20	302233
chr20	302312
chr20	302355
chr20	302401
chr20	302450
chr20	302480
chr20	302490
chr20	302649
chr20	302769
chr20	302826
chr20	302902
chr20	302911
chr20	302944
chr20	303257
chr20	303386
chr20	303480
chr20	303519
chr20	303973
chr20	304155
chr20	304240
chr20	304257
chr20	304274
chr20	304318
chr20	304378
chr20	304386
chr20	304393
chr20	304416
chr20	304420
chr20	304463
chr20	304465
chr20	304470
chr20	304639
chr20	304678
chr20	304711
chr20	304720
chr20	304728
chr20	304773
chr20	304904
chr20	304928
chr20	304937
chr20	304964
chr20	304969
chr20	304977
chr20	305004
chr20	305035
chr20	305046
chr20	305059
chr20	305071
chr20	305074
chr20	305077
chr20	305101
chr20	305108
chr20	305122
chr20	305136
chr20	305146
chr20	305152
chr20	305154
chr20	305156
chr20	305167
chr20	305172
chr20	305174
chr20	305179
chr20	305184
chr20	305192
chr20	305198
chr20	305216
chr20	305221
chr20	305233
chr20	305256
chr20	305259
chr20	305261
chr20	305270
chr20	305277
chr20	305288
chr20	305314
chr20	305322
chr20	305330
chr20	305337
chr20	305343
chr20	305357
chr20	305366
chr20	305395
chr20	305405
chr20	305407
chr20	305445
chr20	305447
chr20	305460
chr20	305474
chr20	305482
chr20	305536
chr20	305554
chr20	305558
chr20	305635
chr20	305655
chr20	305671
chr20	305685
chr20	305744
chr20	305752
chr20	305773
chr20	305789
chr20	305801
chr20	305828
chr20	305830
chr20	305845
chr20	305852
chr20	305871
chr20	305873
chr20	305916
chr20	305922
chr20	305925
chr20	305945
chr20	305947
chr20	305953
chr20	305963
chr20	305970
chr20	305977
chr20	305982
chr20	305987
chr20	305990
chr20	305997
chr20	306017
chr20	306036
chr20	306043
chr20	306045
chr20	306048
chr20	306052
chr20	306056
chr20	306058
chr20	306063
chr20	306070
chr20	306074
chr20	306085
chr20	306094
chr20	306105
chr20	306110
chr20	306116
chr20	306118
chr20	306120
chr20	306122
chr20	306125
chr20	306130
chr20	306135
chr20	306141
chr20	306144
chr20	306162
chr20	306164
chr20	306166
chr20	306169
chr20	306172
chr20	306178
chr20	306180
chr20	306182
chr20	306204
chr20	306207
chr20	306210
chr20	306214
chr20	306218
chr20	306225
chr20	306228
chr20	306230
chr20	306232
chr20	306234
chr20	306239
chr20	306241
chr20	306244
chr20	306270
chr20	306272
chr20	306280
chr20	306289
chr20	306297
chr20	306304
chr20	306333
chr20	306343
chr20	306349
chr20	306352
chr20	306358
chr20	306360
chr20	306363
chr20	306369
chr20	306379
chr20	306381
chr20	306535
chr20	306538
chr20	306541
chr20	306548
chr20	306554
chr20	306564
chr20	306566
chr20	306580
chr20	306585
chr20	306587
chr20	306598
chr20	306603
chr20	306606
chr20	306611
chr20	306614
chr20	306620
chr20	306627
chr20	306632
chr20	306636
chr20	306647
chr20	306649
chr20	306651
chr20	306657
chr20	306674
chr20	306678
chr20	306695
chr20	306702
chr20	306719
chr20	306726
chr20	306730
chr20	306733
chr20	306756
chr20	306768
chr20	306771
chr20	306784
chr20	306793
chr20	306796
chr20	306818
chr20	306830
chr20	306834
chr20	306838
chr20	306845
chr20	306850
chr20	306856
chr20	306872
chr20	306881
chr20	306895
chr20	306899
chr20	306901
chr20	306920
chr20	306924
chr20	306932
chr20	306934
chr20	306940
chr20	306948
chr20	306957
chr20	306963
chr20	306970
chr20	306981
chr20	306986
chr20	307000
chr20	307002
chr20	307009
chr20	307012
chr20	307038
chr20	307043
chr20	307046
chr20	307049
chr20	307053
chr20	307059
chr20	307062
chr20	307071
chr20	307074
chr20	307077
chr20	307096
chr20	307104
chr20	307112
chr20	307117
chr20	307139
chr20	307142
chr20	307147
chr20	307152
chr20	307156
chr20	307166
chr20	307171
chr20	307173
chr20	307184
chr20	307187
chr20	307191
chr20	307199
chr20	307203
chr20	307206
chr20	307209
chr20	307212
chr20	307215
chr20	307223
chr20	307229
chr20	307232
chr20	307239
chr20	307247
chr20	307268
chr20	307274
chr20	307298
chr20	307304
chr20	307307
chr20	307319
chr20	307352
chr20	307356
chr20	307371
chr20	307381
chr20	307383
chr20	307388
chr20	307406
chr20	307412
chr20	307415
chr20	307422
chr20	307430
chr20	307446
chr20	307455
chr20	307464
chr20	307466
chr20	307477
chr20	307481
chr20	307491
chr20	307522
chr20	307528
chr20	307533
chr20	307535
chr20	307539
chr20	308130
chr20	308141
chr20	308164
chr20	308193
chr20	308198
chr20	308201
chr20	308225
chr20	308277
chr20	308300
chr20	308302
chr20	308315
chr20	308319
chr20	308321
chr20	308348
chr20	308532
chr20	308613
chr20	308658
chr20	308691
chr20	308723
chr20	308754
chr20	308769
chr20	308780
chr20	308791
chr20	308809
chr20	308851
chr20	308886
chr20	308889
chr20	309223
chr20	309274
chr20	309330
chr20	309370
chr20	309443
chr20	309458
chr20	309575
chr20	309793
chr20	309899
chr20	309924
chr20	310000
chr20	310028
chr20	310121
chr20	310215
chr20	310491
chr20	310601
chr20	310634
chr20	310714
chr20	310763
chr20	310971
chr20	310975
chr20	311007
chr20	311064
chr20	311091
chr20	311138
chr20	311170
chr20	311214
chr20	311230
chr20	311297
chr20	311366
chr20	311455
chr20	311491
chr20	311589
chr20	311619
chr20	311758
chr20	311800
chr20	312128
chr20	312190
chr20	312202
chr20	312248
chr20	312261
chr20	312633
chr20	312744
chr20	313020
chr20	313124
chr20	313138
chr20	313183
chr20	313321
chr20	313404
chr20	313456
chr20	313464
chr20	313476
chr20	313536
chr20	313559
chr20	313598
chr20	313692
chr20	313726
chr20	313814
chr20	314128
chr20	314235
chr20	314259
chr20	314418
chr20	314420
chr20	314432
chr20	314453
chr20	314524
chr20	314673
chr20	314795
chr20	314803
chr20	314852
chr20	314859
chr20	315071
chr20	315249
chr20	315321
chr20	315520
chr20	315522
chr20	315527
chr20	315557
chr20	315582
chr20	315599
chr20	315776
chr20	315796
chr20	315841
chr20	315928
chr20	315949
chr20	315980
chr20	316053
chr20	316141
chr20	316156
chr20	316186
chr20	316210
chr20	316371
chr20	316408
chr20	317181
chr20	317251
chr20	317401
chr20	317459
chr20	317490
chr20	317501
chr20	317544
chr20	317666
chr20	317708
chr20	317759
chr20	317822
chr20	318140
chr20	318143
chr20	318214
chr20	318218
chr20	318230
chr20	318282
chr20	318290
chr20	318352
chr20	318384
chr20	318479
chr20	318673
chr20	318824
chr20	319127
chr20	319182
chr20	319212
chr20	319332
chr20	319691
chr20	319992
chr20	320020
chr20	320025
chr20	320029
chr20	320052
chr20	320153
chr20	320278
chr20	320650
chr20	320666
chr20	320707
chr20	320750
chr20	320787
chr20	321095
chr20	321261
chr20	321512
chr20	321921
chr20	322063
chr20	322190
chr20	322209
chr20	322219
chr20	322302
chr20	322320
chr20	322372
chr20	322697
chr20	323007
chr20	323176
chr20	323198
chr20	323422
chr20	324457
chr20	324461
chr20	324505
chr20	324656
chr20	324666
chr20	324673
chr20	324696
chr20	324727
chr20	325015
chr20	325281
chr20	325309
chr20	325333
chr20	325389
chr20	325401
chr20	325428
chr20	325458
chr20	325485
chr20	325528
chr20	325788
chr20	326340
chr20	326464
chr20	326493
chr20	326495
chr20	326505
chr20	326533
chr20	326639
chr20	326665
chr20	326702
chr20	326718
chr20	326732
chr20	326761
chr20	326835
chr20	326933
chr20	327073
chr20	327169
chr20	327215
chr20	327305
chr20	327539
chr20	327561
chr20	327587
chr20	327606
chr20	327618
chr20	327622
chr20	327653
chr20	327668
chr20	327672
chr20	327675
chr20	327699
chr20	327704
chr20	327707
chr20	327719
chr20	327724
chr20	327731
chr20	327734
chr20	327740
chr20	327742
chr20	327747
chr20	327753
chr20	327763
chr20	327766
chr20	327806
chr20	327808
chr20	327810
chr20	327845
chr20	327847
chr20	327912
chr20	327973
chr20	327980
chr20	327983
chr20	328034
chr20	328097
chr20	328121
chr20	328145
chr20	328147
chr20	328154
chr20	328170
chr20	328191
chr20	328195
chr20	328218
chr20	328226
chr20	328240
chr20	328244
chr20	328251
chr20	328258
chr20	328270
chr20	328319
chr20	328329
chr20	328339
chr20	328573
chr20	328580
chr20	328594
chr20	328598
chr20	328608
chr20	328669
chr20	328671
chr20	328677
chr20	328718
chr20	328766
chr20	328770
chr20	328814
chr20	328827
chr20	328832
chr20	328835
chr20	328840
chr20	328847
chr20	328849
chr20	329431
chr20	329480
chr20	329733
chr20	329939
chr20	329963
chr20	330098
chr20	330154
chr20	330168
chr20	330184
chr20	330253
chr20	330294
chr20	330305
chr20	330323
chr20	330325
chr20	330334
chr20	330362
chr20	330412
chr20	330415
chr20	330432
chr20	330446
chr20	330449
chr20	330567
chr20	330803
chr20	330839
chr20	330845
chr20	330855
chr20	330882
chr20	330905
chr20	330990
chr20	330994
chr20	331006
chr20	331014
chr20	331268
chr20	331669
chr20	331687
chr20	331744
chr20	331796
chr20	331826
chr20	331831
chr20	332045
chr20	332047
chr20	332091
chr20	332370
chr20	332449
chr20	332463
chr20	332507
chr20	332867
chr20	332953
chr20	333156
chr20	333214
chr20	333282
chr20	333287
chr20	333358
chr20	333371
chr20	333612
chr20	333866
chr20	333896
chr20	333942
chr20	333973
chr20	333981
chr20	334009
chr20	334025
chr20	334053
chr20	334122
chr20	334128
chr20	334137
chr20	334149
chr20	334186
chr20	334214
chr20	334221
chr20	334548
chr20	334652
chr20	334668
chr20	334716
chr20	334767
chr20	334895
chr20	334980
chr20	335124
chr20	335194
chr20	335204
chr20	335238
chr20	335260
chr20	335266
chr20	335319
chr20	335332
chr20	335402
chr20	335442
chr20	335542
chr20	335593
chr20	335612
chr20	335680
chr20	335688
chr20	335712
chr20	335798
chr20	335806
chr20	335838
chr20	335892
chr20	335901
chr20	335926
chr20	335972
chr20	336042
chr20	336047
chr20	336087
chr20	336110
chr20	336117
chr20	336276
chr20	336283
chr20	336287
chr20	336292
chr20	336320
chr20	336330
chr20	336332
chr20	336336
chr20	336469
chr20	336525
chr20	336570
chr20	336593
chr20	336607
chr20	336711
chr20	336723
chr20	336751
chr20	336878
chr20	336910
chr20	337239
chr20	337260
chr20	337278
chr20	337322
chr20	337430
chr20	337445
chr20	337567
chr20	337576
chr20	337606
chr20	337613
chr20	337618
chr20	337646
chr20	337687
chr20	337768
chr20	337867
chr20	337991
chr20	338014
chr20	338084
chr20	338124
chr20	338156
chr20	338187
chr20	338250
chr20	338289
chr20	338312
chr20	338345
chr20	338399
chr20	338450
chr20	338552
chr20	338606
chr20	338636
chr20	338638
chr20	338660
chr20	338668
chr20	338893
chr20	338918
chr20	338949
chr20	339062
chr20	339291
chr20	339298
chr20	339308
chr20	339344
chr20	339368
chr20	339407
chr20	339459
chr20	339497
chr20	339589
chr20	339681
chr20	340136
chr20	340141
chr20	340212
chr20	340237
chr20	340266
chr20	340352
chr20	340363
chr20	340379
chr20	340502
chr20	340534
chr20	340558
chr20	340566
chr20	340573
chr20	340590
chr20	340598
chr20	340612
chr20	340628
chr20	340636
chr20	341079
chr20	341109
chr20	341111
chr20	341125
chr20	341134
chr20	341147
chr20	341151
chr20	341173
chr20	341205
chr20	341212
chr20	341340
chr20	341346
chr20	341425
chr20	341560
chr20	341665
chr20	341882
chr20	341893
chr20	341913
chr20	342040
chr20	342049
chr20	342110
chr20	342256
chr20	342260
chr20	342420
chr20	342438
chr20	342462
chr20	342549
chr20	342565
chr20	342580
chr20	342739
chr20	342781
chr20	342933
chr20	343106
chr20	343276
chr20	343281
chr20	343288
chr20	343534
chr20	343744
chr20	343751
chr20	343761
chr20	343796
chr20	343804
chr20	343837
chr20	343888
chr20	343951
chr20	343992
chr20	344004
chr20	344160
chr20	344178
chr20	344181
chr20	344311
chr20	344317
chr20	344474
chr20	344512
chr20	344537
chr20	344550
chr20	344605
chr20	344629
chr20	344811
chr20	345124
chr20	345141
chr20	345169
chr20	345299
chr20	345684
chr20	345861
chr20	345923
chr20	346082
chr20	346091
chr20	346110
chr20	346181
chr20	346210
chr20	346260
chr20	346485
chr20	346509
chr20	346532
chr20	346571
chr20	346595
chr20	346645
chr20	346668
chr20	346744
chr20	346922
chr20	346924
chr20	346934
chr20	346981
chr20	347014
chr20	347255
chr20	347381
chr20	347573
chr20	347579
chr20	347589
chr20	347641
chr20	347680
chr20	347710
chr20	347722
chr20	347778
chr20	347785
chr20	347808
chr20	347849
chr20	348303
chr20	348492
chr20	348571
chr20	348613
chr20	348991
chr20	349031
chr20	349053
chr20	349162
chr20	349169
chr20	349216
chr20	349222
chr20	349416
chr20	349572
chr20	349610
chr20	349914
chr20	349927
chr20	350070
chr20	350097
chr20	350156
chr20	350172
chr20	350254
chr20	350256
chr20	350386
chr20	350456
chr20	350500
chr20	350580
chr20	350683
chr20	350987
chr20	351000
chr20	351016
chr20	351027
chr20	351068
chr20	351163
chr20	351230
chr20	351256
chr20	351265
chr20	351379
chr20	351620
chr20	351684
chr20	352145
chr20	352166
chr20	352169
chr20	352184
chr20	352418
chr20	352513
chr20	352604
chr20	352611
chr20	352820
chr20	352875
chr20	353087
chr20	353109
chr20	353146
chr20	353163
chr20	353195
chr20	353328
chr20	353340
chr20	353373
chr20	353382
chr20	353392
chr20	353399
chr20	353430
chr20	353456
chr20	353489
chr20	353545
chr20	353782
chr20	353893
chr20	353902
chr20	354166
chr20	354318
chr20	354390
chr20	354405
chr20	354408
chr20	354446
chr20	354509
chr20	354750
chr20	354757
chr20	354784
chr20	354838
chr20	354864
chr20	355228
chr20	355234
chr20	355272
chr20	355276
chr20	355287
chr20	355301
chr20	355321
chr20	355332
chr20	355373
chr20	355377
chr20	355385
chr20	355389
chr20	355431
chr20	355441
chr20	355517
chr20	355575
chr20	355579
chr20	355581
chr20	355635
chr20	355724
chr20	355768
chr20	355776
chr20	355783
chr20	355808
chr20	355838
chr20	355976
chr20	356107
chr20	356168
chr20	356358
chr20	356388
chr20	356404
chr20	356441
chr20	356464
chr20	356473
chr20	356495
chr20	356593
chr20	356657
chr20	356859
chr20	356939
chr20	357457
chr20	357631
chr20	357834
chr20	357864
chr20	357881
chr20	357888
chr20	357920
chr20	357956
chr20	358009
chr20	358046
chr20	358085
chr20	358197
chr20	358208
chr20	358251
chr20	358383
chr20	358406
chr20	358423
chr20	358445
chr20	358477
chr20	358481
chr20	358511
chr20	358564
chr20	358601
chr20	358611
chr20	358613
chr20	358638
chr20	358829
chr20	359028
chr20	359139
chr20	359371
chr20	359387
chr20	359409
chr20	359451
chr20	359473
chr20	359538
chr20	359548
chr20	359576
chr20	359582
chr20	359638
chr20	359736
chr20	359813
chr20	359827
chr20	359910
chr20	360034
chr20	360038
chr20	360040
chr20	360078
chr20	360110
chr20	360180
chr20	360226
chr20	360236
chr20	360260
chr20	360266
chr20	360274
chr20	360293
chr20	360341
chr20	360350
chr20	360468
chr20	360494
chr20	360546
chr20	360629
chr20	360685
chr20	360707
chr20	360709
chr20	360744
chr20	360749
chr20	360872
chr20	360945
chr20	361024
chr20	361051
chr20	361055
chr20	361057
chr20	361067
chr20	361095
chr20	361100
chr20	361111
chr20	361125
chr20	361156
chr20	361185
chr20	361189
chr20	361196
chr20	361200
chr20	361220
chr20	361244
chr20	361252
chr20	361259
chr20	361276
chr20	361282
chr20	361284
chr20	361290
chr20	361423
chr20	361429
chr20	361445
chr20	361466
chr20	361470
chr20	361472
chr20	361475
chr20	361477
chr20	361489
chr20	361495
chr20	361657
chr20	361663
chr20	361665
chr20	361667
chr20	361669
chr20	361673
chr20	361686
chr20	361715
chr20	361721
chr20	361730
chr20	361735
chr20	361740
chr20	361776
chr20	361779
chr20	361782
chr20	361786
chr20	361794
chr20	361796
chr20	361801
chr20	361804
chr20	361809
chr20	361818
chr20	361821
chr20	361828
chr20	361835
chr20	361841
chr20	361845
chr20	361852
chr20	361869
chr20	361873
chr20	361927
chr20	361931
chr20	361935
chr20	361963
chr20	361966
chr20	361969
chr20	361974
chr20	361976
chr20	362001
chr20	362025
chr20	362047
chr20	362049
chr20	362054
chr20	362091
chr20	362467
chr20	362469
chr20	362475
chr20	362491
chr20	362496
chr20	362498
chr20	362500
chr20	362508
chr20	362531
chr20	362540
chr20	362547
chr20	362626
chr20	362634
chr20	362637
chr20	362644
chr20	362658
chr20	362675
chr20	362682
chr20	362781
chr20	362783
chr20	362803
chr20	362824
chr20	363004
chr20	363111
chr20	363157
chr20	363316
chr20	363551
chr20	363652
chr20	363732
chr20	363796
chr20	363898
chr20	364067
chr20	364077
chr20	364279
chr20	364284
chr20	364646
chr20	364744
chr20	364746
chr20	364796
chr20	364833
chr20	364998
chr20	365067
chr20	365131
chr20	365226
chr20	365256
chr20	365296
chr20	365708
chr20	365777
chr20	365794
chr20	365803
chr20	365832
chr20	365900
chr20	365912
chr20	365916
chr20	365944
chr20	366007
chr20	366047
chr20	366051
chr20	366113
chr20	366184
chr20	366329
chr20	366344
chr20	366812
chr20	366860
chr20	366947
chr20	367120
chr20	367154
chr20	367208
chr20	367212
chr20	367233
chr20	367238
chr20	367308
chr20	367364
chr20	367372
chr20	367483
chr20	367514
chr20	367550
chr20	367636
chr20	367673
chr20	367685
chr20	367736
chr20	367949
chr20	368162
chr20	368177
chr20	368238
chr20	368288
chr20	368577
chr20	368657
chr20	368682
chr20	368705
chr20	368734
chr20	368738
chr20	368743
chr20	368753
chr20	368759
chr20	368825
chr20	368852
chr20	368881
chr20	368890
chr20	368894
chr20	368948
chr20	368960
chr20	369119
chr20	369199
chr20	369211
chr20	369426
chr20	369494
chr20	369504
chr20	369568
chr20	369965
chr20	369979
chr20	370061
chr20	370148
chr20	370166
chr20	370230
chr20	370306
chr20	370363
chr20	370370
chr20	370572
chr20	370631
chr20	370663
chr20	370678
chr20	370691
chr20	370695
chr20	370697
chr20	370735
chr20	370767
chr20	370827
chr20	370863
chr20	370919
chr20	370966
chr20	371096
chr20	371145
chr20	371183
chr20	371202
chr20	371214
chr20	371247
chr20	371255
chr20	371317
chr20	371337
chr20	371366
chr20	371415
chr20	371442
chr20	371507
chr20	371550
chr20	371576
chr20	371601
chr20	371689
chr20	371704
chr20	371738
chr20	371745
chr20	371801
chr20	371813
chr20	371822
chr20	371889
chr20	371938
chr20	371956
chr20	371973
chr20	371975
chr20	371985
chr20	372002
chr20	372040
chr20	372053
chr20	372083
chr20	372089
chr20	372095
chr20	372118
chr20	372128
chr20	372142
chr20	372150
chr20	372166
chr20	372179
chr20	372197
chr20	372208
chr20	372215
chr20	372289
chr20	372402
chr20	372430
chr20	372462
chr20	372493
chr20	372533
chr20	372596
chr20	372621
chr20	372640
chr20	372752
chr20	372761
chr20	372770
chr20	372785
chr20	372809
chr20	373037
chr20	373121
chr20	373127
chr20	373260
chr20	373262
chr20	373307
chr20	373324
chr20	373348
chr20	373389
chr20	373443
chr20	373452
chr20	373505
chr20	373556
chr20	373783
chr20	373842
chr20	374067
chr20	374239
chr20	374383
chr20	374442
chr20	374704
chr20	374736
chr20	374742
chr20	374766
chr20	374783
chr20	374893
chr20	374900
chr20	374944
chr20	374949
chr20	375104
chr20	375125
chr20	375185
chr20	375225
chr20	375490
chr20	375850
chr20	375863
chr20	375865
chr20	375885
chr20	375951
chr20	375975
chr20	376003
chr20	376055
chr20	376080
chr20	376093
chr20	376095
chr20	376256
chr20	376299
chr20	376441
chr20	376464
chr20	376877
chr20	376916
chr20	376918
chr20	376931
chr20	376956
chr20	376969
chr20	376982
chr20	377000
chr20	377005
chr20	377024
chr20	377047
chr20	377066
chr20	377076
chr20	377079
chr20	377081
chr20	377090
chr20	377110
chr20	377121
chr20	377133
chr20	377145
chr20	377148
chr20	377163
chr20	377202
chr20	377212
chr20	377232
chr20	377285
chr20	377349
chr20	377546
chr20	377684
chr20	378240
chr20	378293
chr20	378520
chr20	378533
chr20	378573
chr20	378855
chr20	378891
chr20	378901
chr20	378911
chr20	378939
chr20	379000
chr20	379036
chr20	379041
chr20	379051
chr20	379073
chr20	379105
chr20	379116
chr20	379137
chr20	379166
chr20	379174
chr20	379179
chr20	379242
chr20	379252
chr20	379295
chr20	379332
chr20	379359
chr20	379379
chr20	379436
chr20	379454
chr20	379462
chr20	379499
chr20	379505
chr20	379540
chr20	379561
chr20	379687
chr20	379717
chr20	379729
chr20	379757
chr20	379779
chr20	379781
chr20	379793
chr20	379821
chr20	379830
chr20	379885
chr20	379913
chr20	379920
chr20	379923
chr20	379929
chr20	380176
chr20	380187
chr20	380210
chr20	380405
chr20	380428
chr20	380449
chr20	380454
chr20	380459
chr20	380469
chr20	380497
chr20	380560
chr20	380592
chr20	380624
chr20	380710
chr20	381003
chr20	381131
chr20	381141
chr20	381313
chr20	381622
chr20	381669
chr20	381999
chr20	382069
chr20	382097
chr20	382106
chr20	382113
chr20	382127
chr20	382158
chr20	382198
chr20	382410
chr20	382536
chr20	382563
chr20	382610
chr20	382662
chr20	382716
chr20	382965
chr20	383045
chr20	383075
chr20	383212
chr20	383285
chr20	383621
chr20	383710
chr20	383719
chr20	383729
chr20	383831
chr20	384186
chr20	384353
chr20	384399
chr20	384503
chr20	385010
chr20	385063
chr20	385089
chr20	385095
chr20	385138
chr20	385196
chr20	385285
chr20	385295
chr20	385325
chr20	385358
chr20	385392
chr20	385564
chr20	385596
chr20	385724
chr20	385754
chr20	386129
chr20	386262
chr20	386284
chr20	386296
chr20	386373
chr20	386616
chr20	386626
chr20	386643
chr20	386648
chr20	386734
chr20	386805
chr20	386828
chr20	386837
chr20	387142
chr20	387238
chr20	387244
chr20	387261
chr20	387307
chr20	387783
chr20	387817
chr20	387899
chr20	387926
chr20	387945
chr20	387981
chr20	388024
chr20	388045
chr20	388132
chr20	388143
chr20	388180
chr20	388196
chr20	388204
chr20	388211
chr20	388228
chr20	388231
chr20	388244
chr20	388271
chr20	388283
chr20	388290
chr20	388303
chr20	388306
chr20	388322
chr20	388358
chr20	388400
chr20	388418
chr20	388431
chr20	388442
chr20	388472
chr20	388475
chr20	388481
chr20	388488
chr20	388490
chr20	388501
chr20	388510
chr20	388515
chr20	388518
chr20	388530
chr20	388533
chr20	388546
chr20	388552
chr20	388959
chr20	388962
chr20	388968
chr20	388979
chr20	388997
chr20	389027
chr20	389032
chr20	389041
chr20	389047
chr20	389064
chr20	389076
chr20	389081
chr20	389096
chr20	389100
chr20	389111
chr20	389126
chr20	389136
chr20	389148
chr20	389157
chr20	389168
chr20	389171
chr20	389175
chr20	389189
chr20	389196
chr20	389206
chr20	389218
chr20	389237
chr20	389244
chr20	389246
chr20	389255
chr20	389278
chr20	389280
chr20	389283
chr20	389294
chr20	389322
chr20	389335
chr20	389340
chr20	389365
chr20	389395
chr20	389406
chr20	389456
chr20	389473
chr20	389650
chr20	389705
chr20	389772
chr20	389918
chr20	389999
chr20	390099
chr20	390360
chr20	390397
chr20	390444
chr20	390550
chr20	390560
chr20	390564
chr20	390613
chr20	390656
chr20	390751
chr20	390863
chr20	390940
chr20	390951
chr20	390999
chr20	391180
chr20	391275
chr20	391310
chr20	391367
chr20	391403
chr20	391537
chr20	391810
chr20	391816
chr20	391916
chr20	392007
chr20	392071
chr20	392073
chr20	392111
chr20	392135
chr20	392155
chr20	392159
chr20	392167
chr20	392200
chr20	392208
chr20	392211
chr20	392245
chr20	392252
chr20	392256
chr20	392289
chr20	392582
chr20	392616
chr20	392994
chr20	393032
chr20	393049
chr20	393150
chr20	393257
chr20	393498
chr20	393646
chr20	393665
chr20	393802
chr20	393931
chr20	394226
chr20	394366
chr20	394399
chr20	394408
chr20	394497
chr20	394677
chr20	394788
chr20	394800
chr20	394845
chr20	395178
chr20	395532
chr20	395739
chr20	395746
chr20	395881
chr20	396088
chr20	396478
chr20	396564
chr20	396580
chr20	396600
chr20	396744
chr20	396853
chr20	396859
chr20	396879
chr20	396884
chr20	396891
chr20	396943
chr20	396947
chr20	396953
chr20	396993
chr20	397004
chr20	397024
chr20	397038
chr20	397054
chr20	397244
chr20	397397
chr20	397828
chr20	397927
chr20	397939
chr20	397959
chr20	398109
chr20	398181
chr20	398205
chr20	398227
chr20	398246
chr20	398276
chr20	398283
chr20	398429
chr20	398438
chr20	398471
chr20	398513
chr20	398546
chr20	398552
chr20	398561
chr20	398595
chr20	398598
chr20	398607
chr20	398768
chr20	398785
chr20	398796
chr20	398883
chr20	399034
chr20	399042
chr20	399050
chr20	399080
chr20	399097
chr20	399104
chr20	399112
chr20	399135
chr20	399156
chr20	399160
chr20	399168
chr20	399172
chr20	399290
chr20	399302
chr20	399490
chr20	399637
chr20	399663
chr20	399695
chr20	399703
chr20	399744
chr20	399800
chr20	399954
chr20	399956
chr20	400011
chr20	400020
chr20	400022
chr20	400054
chr20	400072
chr20	400076
chr20	400110
chr20	400174
chr20	400218
chr20	400244
chr20	400246
chr20	400270
chr20	400274
chr20	400276
chr20	400281
chr20	400299
chr20	400314
chr20	400317
chr20	400327
